code,text
A00,Cholera
A01,Typhus abdominalis und Paratyphus
A02,Sonstige Salmonelleninfektionen
A03,Shigellose [Bakterielle Ruhr]
A04,Sonstige bakterielle Darminfektionen
A05,"Sonstige bakteriell bedingte Lebensmittelvergiftungen, anderenorts nicht klassifiziert"
A06,Amöbiasis
A07,Sonstige Darmkrankheiten durch Protozoen
A08,Virusbedingte und sonstige näher bezeichnete Darminfektionen
A09,Sonstige und nicht näher bezeichnete Gastroenteritis und Kolitis infektiösen und nicht näher bezeichneten Ursprungs
A15,"Tuberkulose der Atmungsorgane, bakteriologisch, molekularbiologisch oder histologisch gesichert"
A16,"Tuberkulose der Atmungsorgane, weder bakteriologisch, molekularbiologisch noch histologisch gesichert"
A17,Tuberkulose des Nervensystems
A18,Tuberkulose sonstiger Organe
A19,Miliartuberkulose
A20,Pest
A21,Tularämie
A22,Anthrax [Milzbrand]
A23,Brucellose
A24,Rotz [Malleus] und Melioidose [Pseudorotz]
A25,Rattenbisskrankheiten
A26,Erysipeloid
A27,Leptospirose
A28,"Sonstige bakterielle Zoonosen, anderenorts nicht klassifiziert"
A30,Lepra [Aussatz]
A31,Infektion durch sonstige Mykobakterien
A32,Listeriose
A33,Tetanus neonatorum
A34,"Tetanus während der Schwangerschaft, der Geburt und des Wochenbettes"
A35,Sonstiger Tetanus
A36,Diphtherie
A37,Keuchhusten
A38,Scharlach
A39,Meningokokkeninfektion
A40,Streptokokkensepsis
A41,Sonstige Sepsis
A42,Aktinomykose
A43,Nokardiose
A44,Bartonellose
A46,Erysipel [Wundrose]
A48,"Sonstige bakterielle Krankheiten, anderenorts nicht klassifiziert"
A49,Bakterielle Infektion nicht näher bezeichneter Lokalisation
A50,Syphilis connata
A51,Frühsyphilis
A52,Spätsyphilis
A53,Sonstige und nicht näher bezeichnete Syphilis
A54,Gonokokkeninfektion
A55,Lymphogranuloma inguinale (venereum) durch Chlamydien
A56,Sonstige durch Geschlechtsverkehr übertragene Chlamydienkrankheiten
A57,Ulcus molle (venereum)
A58,Granuloma venereum (inguinale)
A59,Trichomoniasis
A60,Infektionen des Anogenitalbereiches durch Herpesviren [Herpes simplex]
A63,"Sonstige vorwiegend durch Geschlechtsverkehr übertragene Krankheiten, anderenorts nicht klassifiziert"
A64,"Durch Geschlechtsverkehr übertragene Krankheiten, nicht näher bezeichnet"
A65,Nichtvenerische Syphilis
A66,Frambösie
A67,Pinta [Carate]
A68,Rückfallfieber
A69,Sonstige Spirochäteninfektionen
A70,Infektionen durch Chlamydia psittaci
A71,Trachom
A74,Sonstige Krankheiten durch Chlamydien
A75,Fleckfieber
A77,"Zeckenbissfieber [Rickettsiosen, durch Zecken übertragen]"
A78,Q-Fieber
A79,Sonstige Rickettsiosen
A80,Akute Poliomyelitis [Spinale Kinderlähmung]
A81,Atypische Virusinfektionen des Zentralnervensystems
A82,Tollwut [Rabies]
A83,"Virusenzephalitis, durch Moskitos [Stechmücken] übertragen"
A84,"Virusenzephalitis, durch Zecken übertragen"
A85,"Sonstige Virusenzephalitis, anderenorts nicht klassifiziert"
A86,"Virusenzephalitis, nicht näher bezeichnet"
A87,Virusmeningitis
A88,"Sonstige Virusinfektionen des Zentralnervensystems, anderenorts nicht klassifiziert"
A89,"Virusinfektion des Zentralnervensystems, nicht näher bezeichnet"
A92,Sonstige durch Moskitos [Stechmücken] übertragene Viruskrankheiten
A93,"Sonstige durch Arthropoden übertragene Viruskrankheiten, anderenorts nicht klassifiziert"
A94,"Durch Arthropoden übertragene Viruskrankheit, nicht näher bezeichnet"
A95,Gelbfieber
A96,Hämorrhagisches Fieber durch Arenaviren
A97,Dengue
A98,"Sonstige hämorrhagische Viruskrankheiten, anderenorts nicht klassifiziert"
A99,Nicht näher bezeichnete hämorrhagische Viruskrankheit
B00,Infektionen durch Herpesviren [Herpes simplex]
B01,Varizellen [Windpocken]
B02,Zoster [Herpes zoster]
B03,Pocken
B04,Affenpocken
B05,Masern
B06,Röteln [Rubeola] [Rubella]
B07,Viruswarzen
B08,"Sonstige Virusinfektionen, die durch Haut- und Schleimhautläsionen gekennzeichnet sind, anderenorts nicht klassifiziert"
B09,"Nicht näher bezeichnete Virusinfektion, die durch Haut- und Schleimhautläsionen gekennzeichnet ist"
B15,Akute Virushepatitis A
B16,Akute Virushepatitis B
B17,Sonstige akute Virushepatitis
B18,Chronische Virushepatitis
B19,Nicht näher bezeichnete Virushepatitis
B20,Infektiöse und parasitäre Krankheiten infolge HIV-Krankheit [Humane Immundefizienz-Viruskrankheit]
B21,Bösartige Neubildungen infolge HIV-Krankheit [Humane Immundefizienz-Viruskrankheit]
B22,Sonstige näher bezeichnete Krankheiten infolge HIV-Krankheit [Humane Immundefizienz-Viruskrankheit]
B23,Sonstige Krankheitszustände infolge HIV-Krankheit [Humane Immundefizienz-Viruskrankheit]
B24,Nicht näher bezeichnete HIV-Krankheit [Humane Immundefizienz-Viruskrankheit]
B25,Zytomegalie
B26,Mumps
B27,Infektiöse Mononukleose
B30,Viruskonjunktivitis
B33,"Sonstige Viruskrankheiten, anderenorts nicht klassifiziert"
B34,Viruskrankheit nicht näher bezeichneter Lokalisation
B35,Dermatophytose [Tinea]
B36,Sonstige oberflächliche Mykosen
B37,Kandidose
B38,Kokzidioidomykose
B39,Histoplasmose
B40,Blastomykose
B41,Parakokzidioidomykose
B42,Sporotrichose
B43,Chromomykose und chromomykotischer Abszess
B44,Aspergillose
B45,Kryptokokkose
B46,Zygomykose
B47,Myzetom
B48,"Sonstige Mykosen, anderenorts nicht klassifiziert"
B49,Nicht näher bezeichnete Mykose
B50,Malaria tropica durch Plasmodium falciparum
B51,Malaria tertiana durch Plasmodium vivax
B52,Malaria quartana durch Plasmodium malariae
B53,Sonstige parasitologisch bestätigte Malaria
B54,"Malaria, nicht näher bezeichnet"
B55,Leishmaniose
B56,Afrikanische Trypanosomiasis
B57,Chagas-Krankheit
B58,Toxoplasmose
B60,"Sonstige Protozoenkrankheiten, anderenorts nicht klassifiziert"
B64,Nicht näher bezeichnete Protozoenkrankheit
B65,Schistosomiasis [Bilharziose]
B66,Befall durch sonstige Trematoden [Egel]
B67,Echinokokkose
B68,Taeniasis
B69,Zystizerkose
B70,Diphyllobothriose und Sparganose
B71,Befall durch sonstige Zestoden
B72,Drakunkulose
B73,Onchozerkose
B74,Filariose
B75,Trichinellose
B76,Hakenwurm-Krankheit
B77,Askaridose
B78,Strongyloidiasis
B79,Trichuriasis
B80,Enterobiasis
B81,"Sonstige intestinale Helminthosen, anderenorts nicht klassifiziert"
B82,Nicht näher bezeichneter intestinaler Parasitismus
B83,Sonstige Helminthosen
B85,Pedikulose [Läusebefall] und Phthiriasis [Filzläusebefall]
B86,Skabies
B87,Myiasis
B88,Sonstiger Parasitenbefall der Haut
B89,Nicht näher bezeichnete parasitäre Krankheit
B90,Folgezustände der Tuberkulose
B91,Folgezustände der Poliomyelitis
B92,Folgezustände der Lepra
B94,Folgezustände sonstiger und nicht näher bezeichneter infektiöser und parasitärer Krankheiten
B95,"Streptokokken und Staphylokokken als Ursache von Krankheiten, die in anderen Kapiteln klassifiziert sind"
B96,"Sonstige näher bezeichnete Bakterien als Ursache von Krankheiten, die in anderen Kapiteln klassifiziert sind"
B97,"Viren als Ursache von Krankheiten, die in anderen Kapiteln klassifiziert sind"
B98,"Sonstige näher bezeichnete infektiöse Erreger als Ursache von Krankheiten, die in anderen Kapiteln klassifiziert sind"
B99,Sonstige und nicht näher bezeichnete Infektionskrankheiten
C00,Bösartige Neubildung der Lippe
C01,Bösartige Neubildung des Zungengrundes
C02,Bösartige Neubildung sonstiger und nicht näher bezeichneter Teile der Zunge
C03,Bösartige Neubildung des Zahnfleisches
C04,Bösartige Neubildung des Mundbodens
C05,Bösartige Neubildung des Gaumens
C06,Bösartige Neubildung sonstiger und nicht näher bezeichneter Teile des Mundes
C07,Bösartige Neubildung der Parotis
C08,Bösartige Neubildung sonstiger und nicht näher bezeichneter großer Speicheldrüsen
C09,Bösartige Neubildung der Tonsille
C10,Bösartige Neubildung des Oropharynx
C11,Bösartige Neubildung des Nasopharynx
C12,Bösartige Neubildung des Recessus piriformis
C13,Bösartige Neubildung des Hypopharynx
C14,"Bösartige Neubildung sonstiger und ungenau bezeichneter Lokalisationen der Lippe, der Mundhöhle und des Pharynx"
C15,Bösartige Neubildung des Ösophagus
C16,Bösartige Neubildung des Magens
C17,Bösartige Neubildung des Dünndarmes
C18,Bösartige Neubildung des Kolons
C19,"Bösartige Neubildung am Rektosigmoid, Übergang"
C20,Bösartige Neubildung des Rektums
C21,Bösartige Neubildung des Anus und des Analkanals
C22,Bösartige Neubildung der Leber und der intrahepatischen Gallengänge
C23,Bösartige Neubildung der Gallenblase
C24,Bösartige Neubildung sonstiger und nicht näher bezeichneter Teile der Gallenwege
C25,Bösartige Neubildung des Pankreas
C26,Bösartige Neubildung sonstiger und ungenau bezeichneter Verdauungsorgane
C30,Bösartige Neubildung der Nasenhöhle und des Mittelohres
C31,Bösartige Neubildung der Nasennebenhöhlen
C32,Bösartige Neubildung des Larynx
C33,Bösartige Neubildung der Trachea
C34,Bösartige Neubildung der Bronchien und der Lunge
C37,Bösartige Neubildung des Thymus
C38,"Bösartige Neubildung des Herzens, des Mediastinums und der Pleura"
C39,Bösartige Neubildung sonstiger und ungenau bezeichneter Lokalisationen des Atmungssystems und sonstiger intrathorakaler Organe
C40,Bösartige Neubildung des Knochens und des Gelenkknorpels der Extremitäten
C41,Bösartige Neubildung des Knochens und des Gelenkknorpels sonstiger und nicht näher bezeichneter Lokalisationen
C43,Bösartiges Melanom der Haut
C44,Sonstige bösartige Neubildungen der Haut
C45,Mesotheliom
C46,Kaposi-Sarkom [Sarcoma idiopathicum multiplex haemorrhagicum]
C47,Bösartige Neubildung der peripheren Nerven und des autonomen Nervensystems
C48,Bösartige Neubildung des Retroperitoneums und des Peritoneums
C49,Bösartige Neubildung sonstigen Bindegewebes und anderer Weichteilgewebe
C50,Bösartige Neubildung der Brustdrüse [Mamma]
C51,Bösartige Neubildung der Vulva
C52,Bösartige Neubildung der Vagina
C53,Bösartige Neubildung der Cervix uteri
C54,Bösartige Neubildung des Corpus uteri
C55,"Bösartige Neubildung des Uterus, Teil nicht näher bezeichnet"
C56,Bösartige Neubildung des Ovars
C57,Bösartige Neubildung sonstiger und nicht näher bezeichneter weiblicher Genitalorgane
C58,Bösartige Neubildung der Plazenta
C60,Bösartige Neubildung des Penis
C61,Bösartige Neubildung der Prostata
C62,Bösartige Neubildung des Hodens
C63,Bösartige Neubildung sonstiger und nicht näher bezeichneter männlicher Genitalorgane
C64,"Bösartige Neubildung der Niere, ausgenommen Nierenbecken"
C65,Bösartige Neubildung des Nierenbeckens
C66,Bösartige Neubildung des Ureters
C67,Bösartige Neubildung der Harnblase
C68,Bösartige Neubildung sonstiger und nicht näher bezeichneter Harnorgane
C69,Bösartige Neubildung des Auges und der Augenanhangsgebilde
C70,Bösartige Neubildung der Meningen
C71,Bösartige Neubildung des Gehirns
C72,"Bösartige Neubildung des Rückenmarkes, der Hirnnerven und anderer Teile des Zentralnervensystems"
C73,Bösartige Neubildung der Schilddrüse
C74,Bösartige Neubildung der Nebenniere
C75,Bösartige Neubildung sonstiger endokriner Drüsen und verwandter Strukturen
C76,Bösartige Neubildung sonstiger und ungenau bezeichneter Lokalisationen
C77,Sekundäre und nicht näher bezeichnete bösartige Neubildung der Lymphknoten
C78,Sekundäre bösartige Neubildung der Atmungs- und Verdauungsorgane
C79,Sekundäre bösartige Neubildung an sonstigen und nicht näher bezeichneten Lokalisationen
C80,Bösartige Neubildung ohne Angabe der Lokalisation
C81,Hodgkin-Lymphom [Lymphogranulomatose]
C82,Follikuläres Lymphom
C83,Nicht follikuläres Lymphom
C84,Reifzellige T/NK-Zell-Lymphome
C85,Sonstige und nicht näher bezeichnete Typen des Non-Hodgkin-Lymphoms
C86,Weitere spezifizierte T/NK-Zell-Lymphome
C88,Bösartige immunproliferative Krankheiten
C90,Plasmozytom und bösartige Plasmazellen-Neubildungen
C91,Lymphatische Leukämie
C92,Myeloische Leukämie
C93,Monozytenleukämie
C94,Sonstige Leukämien näher bezeichneten Zelltyps
C95,Leukämie nicht näher bezeichneten Zelltyps
C96,"Sonstige und nicht näher bezeichnete bösartige Neubildungen des lymphatischen, blutbildenden und verwandten Gewebes"
C97,Bösartige Neubildungen als Primärtumoren an mehreren Lokalisationen
D00,"Carcinoma in situ der Mundhöhle, des Ösophagus und des Magens"
D01,Carcinoma in situ sonstiger und nicht näher bezeichneter Verdauungsorgane
D02,Carcinoma in situ des Mittelohres und des Atmungssystems
D03,Melanoma in situ
D04,Carcinoma in situ der Haut
D05,Carcinoma in situ der Brustdrüse [Mamma]
D06,Carcinoma in situ der Cervix uteri
D07,Carcinoma in situ sonstiger und nicht näher bezeichneter Genitalorgane
D09,Carcinoma in situ sonstiger und nicht näher bezeichneter Lokalisationen
D10,Gutartige Neubildung des Mundes und des Pharynx
D11,Gutartige Neubildung der großen Speicheldrüsen
D12,"Gutartige Neubildung des Kolons, des Rektums, des Analkanals und des Anus"
D13,Gutartige Neubildung sonstiger und ungenau bezeichneter Teile des Verdauungssystems
D14,Gutartige Neubildung des Mittelohres und des Atmungssystems
D15,Gutartige Neubildung sonstiger und nicht näher bezeichneter intrathorakaler Organe
D16,Gutartige Neubildung des Knochens und des Gelenkknorpels
D17,Gutartige Neubildung des Fettgewebes
D18,Hämangiom und Lymphangiom
D19,Gutartige Neubildung des mesothelialen Gewebes
D20,Gutartige Neubildung des Weichteilgewebes des Retroperitoneums und des Peritoneums
D21,Sonstige gutartige Neubildungen des Bindegewebes und anderer Weichteilgewebe
D22,Melanozytennävus
D23,Sonstige gutartige Neubildungen der Haut
D24,Gutartige Neubildung der Brustdrüse [Mamma]
D25,Leiomyom des Uterus
D26,Sonstige gutartige Neubildungen des Uterus
D27,Gutartige Neubildung des Ovars
D28,Gutartige Neubildung sonstiger und nicht näher bezeichneter weiblicher Genitalorgane
D29,Gutartige Neubildung der männlichen Genitalorgane
D30,Gutartige Neubildung der Harnorgane
D31,Gutartige Neubildung des Auges und der Augenanhangsgebilde
D32,Gutartige Neubildung der Meningen
D33,Gutartige Neubildung des Gehirns und anderer Teile des Zentralnervensystems
D34,Gutartige Neubildung der Schilddrüse
D35,Gutartige Neubildung sonstiger und nicht näher bezeichneter endokriner Drüsen
D36,Gutartige Neubildung an sonstigen und nicht näher bezeichneten Lokalisationen
D37,Neubildung unsicheren oder unbekannten Verhaltens der Mundhöhle und der Verdauungsorgane
D38,"Neubildung unsicheren oder unbekannten Verhaltens des Mittelohres, der Atmungsorgane und der intrathorakalen Organe"
D39,Neubildung unsicheren oder unbekannten Verhaltens der weiblichen Genitalorgane
D40,Neubildung unsicheren oder unbekannten Verhaltens der männlichen Genitalorgane
D41,Neubildung unsicheren oder unbekannten Verhaltens der Harnorgane
D42,Neubildung unsicheren oder unbekannten Verhaltens der Meningen
D43,Neubildung unsicheren oder unbekannten Verhaltens des Gehirns und des Zentralnervensystems
D44,Neubildung unsicheren oder unbekannten Verhaltens der endokrinen Drüsen
D45,Polycythaemia vera
D46,Myelodysplastische Syndrome
D47,"Sonstige Neubildungen unsicheren oder unbekannten Verhaltens des lymphatischen, blutbildenden und verwandten Gewebes"
D48,Neubildung unsicheren oder unbekannten Verhaltens an sonstigen und nicht näher bezeichneten Lokalisationen
D50,Eisenmangelanämie
D51,Vitamin-B12-Mangelanämie
D52,Folsäure-Mangelanämie
D53,Sonstige alimentäre Anämien
D55,Anämie durch Enzymdefekte
D56,Thalassämie
D57,Sichelzellenkrankheiten
D58,Sonstige hereditäre hämolytische Anämien
D59,Erworbene hämolytische Anämien
D60,Erworbene isolierte aplastische Anämie [Erythroblastopenie] [pure red cell aplasia]
D61,Sonstige aplastische Anämien
D62,Akute Blutungsanämie
D63,"Anämie bei chronischen, anderenorts klassifizierten Krankheiten"
D64,Sonstige Anämien
D65,Disseminierte intravasale Gerinnung [Defibrinationssyndrom]
D66,Hereditärer Faktor-VIII-Mangel
D67,Hereditärer Faktor-IX-Mangel
D68,Sonstige Koagulopathien
D69,Purpura und sonstige hämorrhagische Diathesen
D70,Agranulozytose und Neutropenie
D71,Funktionelle Störungen der neutrophilen Granulozyten
D72,Sonstige Krankheiten der Leukozyten
D73,Krankheiten der Milz
D74,Methämoglobinämie
D75,Sonstige Krankheiten des Blutes und der blutbildenden Organe
D76,Sonstige näher bezeichnete Krankheiten mit Beteiligung des lymphoretikulären Gewebes und des retikulohistiozytären Systems
D77,Sonstige Krankheiten des Blutes und der blutbildenden Organe bei anderenorts klassifizierten Krankheiten
D80,Immundefekt mit vorherrschendem Antikörpermangel
D81,Kombinierte Immundefekte
D82,Immundefekt in Verbindung mit anderen schweren Defekten
D83,Variabler Immundefekt [common variable immunodeficiency]
D84,Sonstige Immundefekte
D86,Sarkoidose
D89,"Sonstige Störungen mit Beteiligung des Immunsystems, anderenorts nicht klassifiziert"
D90,"Immunkompromittierung nach Bestrahlung, Chemotherapie und sonstigen immunsuppressiven Maßnahmen"
E00,Angeborenes Jodmangelsyndrom
E01,Jodmangelbedingte Schilddrüsenkrankheiten und verwandte Zustände
E02,Subklinische Jodmangel-Hypothyreose
E03,Sonstige Hypothyreose
E04,Sonstige nichttoxische Struma
E05,Hyperthyreose [Thyreotoxikose]
E06,Thyreoiditis
E07,Sonstige Krankheiten der Schilddrüse
E10,"Diabetes mellitus, Typ 1"
E11,"Diabetes mellitus, Typ 2"
E12,Diabetes mellitus in Verbindung mit Fehl- oder Mangelernährung [Malnutrition]
E13,Sonstiger näher bezeichneter Diabetes mellitus
E14,Nicht näher bezeichneter Diabetes mellitus
E15,"Hypoglykämisches Koma, nichtdiabetisch"
E16,Sonstige Störungen der inneren Sekretion des Pankreas
E20,Hypoparathyreoidismus
E21,Hyperparathyreoidismus und sonstige Krankheiten der Nebenschilddrüse
E22,Überfunktion der Hypophyse
E23,Unterfunktion und andere Störungen der Hypophyse
E24,Cushing-Syndrom
E25,Adrenogenitale Störungen
E26,Hyperaldosteronismus
E27,Sonstige Krankheiten der Nebenniere
E28,Ovarielle Dysfunktion
E29,Testikuläre Dysfunktion
E30,"Pubertätsstörungen, anderenorts nicht klassifiziert"
E31,Polyglanduläre Dysfunktion
E32,Krankheiten des Thymus
E34,Sonstige endokrine Störungen
E35,Störungen der endokrinen Drüsen bei anderenorts klassifizierten Krankheiten
E40,Kwashiorkor
E41,Alimentärer Marasmus
E42,Kwashiorkor-Marasmus
E43,Nicht näher bezeichnete erhebliche Energie- und Eiweißmangelernährung
E44,Energie- und Eiweißmangelernährung mäßigen und leichten Grades
E45,Entwicklungsverzögerung durch Energie- und Eiweißmangelernährung
E46,Nicht näher bezeichnete Energie- und Eiweißmangelernährung
E50,Vitamin-A-Mangel
E51,Thiaminmangel [Vitamin-B1-Mangel]
E52,Niazinmangel [Pellagra]
E53,Mangel an sonstigen Vitaminen des Vitamin-B-Komplexes
E54,Ascorbinsäuremangel
E55,Vitamin-D-Mangel
E56,Sonstige Vitaminmangelzustände
E58,Alimentärer Kalziummangel
E59,Alimentärer Selenmangel
E60,Alimentärer Zinkmangel
E61,Mangel an sonstigen Spurenelementen
E63,Sonstige alimentäre Mangelzustände
E64,Folgen von Mangelernährung oder sonstigen alimentären Mangelzuständen
E65,Lokalisierte Adipositas
E66,Adipositas
E67,Sonstige Überernährung
E68,Folgen der Überernährung
E70,Störungen des Stoffwechsels aromatischer Aminosäuren
E71,Störungen des Stoffwechsels verzweigter Aminosäuren und des Fettsäurestoffwechsels
E72,Sonstige Störungen des Aminosäurestoffwechsels
E73,Laktoseintoleranz
E74,Sonstige Störungen des Kohlenhydratstoffwechsels
E75,Störungen des Sphingolipidstoffwechsels und sonstige Störungen der Lipidspeicherung
E76,Störungen des Glykosaminoglykan-Stoffwechsels
E77,Störungen des Glykoproteinstoffwechsels
E78,Störungen des Lipoproteinstoffwechsels und sonstige Lipidämien
E79,Störungen des Purin- und Pyrimidinstoffwechsels
E80,Störungen des Porphyrin- und Bilirubinstoffwechsels
E83,Störungen des Mineralstoffwechsels
E84,Zystische Fibrose
E85,Amyloidose
E86,Volumenmangel
E87,Sonstige Störungen des Wasser- und Elektrolythaushaltes sowie des Säure-Basen-Gleichgewichts
E88,Sonstige Stoffwechselstörungen
E89,"Endokrine und Stoffwechselstörungen nach medizinischen Maßnahmen, anderenorts nicht klassifiziert"
E90,Ernährungs- und Stoffwechselstörungen bei anderenorts klassifizierten Krankheiten
F00,Demenz bei Alzheimer-Krankheit
F01,Vaskuläre Demenz
F02,Demenz bei anderenorts klassifizierten Krankheiten
F03,Nicht näher bezeichnete Demenz
F04,"Organisches amnestisches Syndrom, nicht durch Alkohol oder andere psychotrope Substanzen bedingt"
F05,"Delir, nicht durch Alkohol oder andere psychotrope Substanzen bedingt"
F06,Andere psychische Störungen aufgrund einer Schädigung oder Funktionsstörung des Gehirns oder einer körperlichen Krankheit
F07,"Persönlichkeits- und Verhaltensstörung aufgrund einer Krankheit, Schädigung oder Funktionsstörung des Gehirns"
F09,Nicht näher bezeichnete organische oder symptomatische psychische Störung
F10,Psychische und Verhaltensstörungen durch Alkohol
F11,Psychische und Verhaltensstörungen durch Opioide
F12,Psychische und Verhaltensstörungen durch Cannabinoide
F13,Psychische und Verhaltensstörungen durch Sedativa oder Hypnotika
F14,Psychische und Verhaltensstörungen durch Kokain
F15,"Psychische und Verhaltensstörungen durch andere Stimulanzien, einschließlich Koffein"
F16,Psychische und Verhaltensstörungen durch Halluzinogene
F17,Psychische und Verhaltensstörungen durch Tabak
F18,Psychische und Verhaltensstörungen durch flüchtige Lösungsmittel
F19,Psychische und Verhaltensstörungen durch multiplen Substanzgebrauch und Konsum anderer psychotroper Substanzen
F20,Schizophrenie
F21,Schizotype Störung
F22,Anhaltende wahnhafte Störungen
F23,Akute vorübergehende psychotische Störungen
F24,Induzierte wahnhafte Störung
F25,Schizoaffektive Störungen
F28,Sonstige nichtorganische psychotische Störungen
F29,Nicht näher bezeichnete nichtorganische Psychose
F30,Manische Episode
F31,Bipolare affektive Störung
F32,Depressive Episode
F33,Rezidivierende depressive Störung
F34,Anhaltende affektive Störungen
F38,Andere affektive Störungen
F39,Nicht näher bezeichnete affektive Störung
F40,Phobische Störungen
F41,Andere Angststörungen
F42,Zwangsstörung
F43,Reaktionen auf schwere Belastungen und Anpassungsstörungen
F44,Dissoziative Störungen [Konversionsstörungen]
F45,Somatoforme Störungen
F48,Andere neurotische Störungen
F50,Essstörungen
F51,Nichtorganische Schlafstörungen
F52,"Sexuelle Funktionsstörungen, nicht verursacht durch eine organische Störung oder Krankheit"
F53,"Psychische oder Verhaltensstörungen im Wochenbett, anderenorts nicht klassifiziert"
F54,Psychologische Faktoren oder Verhaltensfaktoren bei anderenorts klassifizierten Krankheiten
F55,Schädlicher Gebrauch von nichtabhängigkeitserzeugenden Substanzen
F59,Nicht näher bezeichnete Verhaltensauffälligkeiten bei körperlichen Störungen und Faktoren
F60,Spezifische Persönlichkeitsstörungen
F61,Kombinierte und andere Persönlichkeitsstörungen
F62,"Andauernde Persönlichkeitsänderungen, nicht Folge einer Schädigung oder Krankheit des Gehirns"
F63,Abnorme Gewohnheiten und Störungen der Impulskontrolle
F64,Störungen der Geschlechtsidentität
F65,Störungen der Sexualpräferenz
F66,Psychische und Verhaltensstörungen in Verbindung mit der sexuellen Entwicklung und Orientierung
F68,Andere Persönlichkeits- und Verhaltensstörungen
F69,Nicht näher bezeichnete Persönlichkeits- und Verhaltensstörung
F70,Leichte Intelligenzminderung
F71,Mittelgradige Intelligenzminderung
F72,Schwere Intelligenzminderung
F73,Schwerste Intelligenzminderung
F74,Dissoziierte Intelligenz
F78,Andere Intelligenzminderung
F79,Nicht näher bezeichnete Intelligenzminderung
F80,Umschriebene Entwicklungsstörungen des Sprechens und der Sprache
F81,Umschriebene Entwicklungsstörungen schulischer Fertigkeiten
F82,Umschriebene Entwicklungsstörung der motorischen Funktionen
F83,Kombinierte umschriebene Entwicklungsstörungen
F84,Tief greifende Entwicklungsstörungen
F88,Andere Entwicklungsstörungen
F89,Nicht näher bezeichnete Entwicklungsstörung
F90,Hyperkinetische Störungen
F91,Störungen des Sozialverhaltens
F92,Kombinierte Störung des Sozialverhaltens und der Emotionen
F93,Emotionale Störungen des Kindesalters
F94,Störungen sozialer Funktionen mit Beginn in der Kindheit und Jugend
F95,Ticstörungen
F98,Andere Verhaltens- und emotionale Störungen mit Beginn in der Kindheit und Jugend
F99,Psychische Störung ohne nähere Angabe
G00,"Bakterielle Meningitis, anderenorts nicht klassifiziert"
G01,Meningitis bei anderenorts klassifizierten bakteriellen Krankheiten
G02,Meningitis bei sonstigen anderenorts klassifizierten infektiösen und parasitären Krankheiten
G03,Meningitis durch sonstige und nicht näher bezeichnete Ursachen
G04,"Enzephalitis, Myelitis und Enzephalomyelitis"
G05,"Enzephalitis, Myelitis und Enzephalomyelitis bei anderenorts klassifizierten Krankheiten"
G06,Intrakranielle und intraspinale Abszesse und Granulome
G07,Intrakranielle und intraspinale Abszesse und Granulome bei anderenorts klassifizierten Krankheiten
G08,Intrakranielle und intraspinale Phlebitis und Thrombophlebitis
G09,Folgen entzündlicher Krankheiten des Zentralnervensystems
G10,Chorea Huntington
G11,Hereditäre Ataxie
G12,Spinale Muskelatrophie und verwandte Syndrome
G13,"Systematrophien, vorwiegend das Zentralnervensystem betreffend, bei anderenorts klassifizierten Krankheiten"
G14,Postpolio-Syndrom
G20,Primäres Parkinson-Syndrom
G21,Sekundäres Parkinson-Syndrom
G22,Parkinson-Syndrom bei anderenorts klassifizierten Krankheiten
G23,Sonstige degenerative Krankheiten der Basalganglien
G24,Dystonie
G25,Sonstige extrapyramidale Krankheiten und Bewegungsstörungen
G26,Extrapyramidale Krankheiten und Bewegungsstörungen bei anderenorts klassifizierten Krankheiten
G30,Alzheimer-Krankheit
G31,"Sonstige degenerative Krankheiten des Nervensystems, anderenorts nicht klassifiziert"
G32,Sonstige degenerative Krankheiten des Nervensystems bei anderenorts klassifizierten Krankheiten
G35,Multiple Sklerose [Encephalomyelitis disseminata]
G36,Sonstige akute disseminierte Demyelinisation
G37,Sonstige demyelinisierende Krankheiten des Zentralnervensystems
G40,Epilepsie
G41,Status epilepticus
G43,Migräne
G44,Sonstige Kopfschmerzsyndrome
G45,Zerebrale transitorische Ischämie und verwandte Syndrome
G46,Zerebrale Gefäßsyndrome bei zerebrovaskulären Krankheiten
G47,Schlafstörungen
G50,Krankheiten des N. trigeminus [V. Hirnnerv]
G51,Krankheiten des N. facialis [VII. Hirnnerv]
G52,Krankheiten sonstiger Hirnnerven
G53,Krankheiten der Hirnnerven bei anderenorts klassifizierten Krankheiten
G54,Krankheiten von Nervenwurzeln und Nervenplexus
G55,Kompression von Nervenwurzeln und Nervenplexus bei anderenorts klassifizierten Krankheiten
G56,Mononeuropathien der oberen Extremität
G57,Mononeuropathien der unteren Extremität
G58,Sonstige Mononeuropathien
G59,Mononeuropathie bei anderenorts klassifizierten Krankheiten
G60,Hereditäre und idiopathische Neuropathie
G61,Polyneuritis
G62,Sonstige Polyneuropathien
G63,Polyneuropathie bei anderenorts klassifizierten Krankheiten
G64,Sonstige Krankheiten des peripheren Nervensystems
G70,Myasthenia gravis und sonstige neuromuskuläre Krankheiten
G71,Primäre Myopathien
G72,Sonstige Myopathien
G73,Krankheiten im Bereich der neuromuskulären Synapse und des Muskels bei anderenorts klassifizierten Krankheiten
G80,Infantile Zerebralparese
G81,Hemiparese und Hemiplegie
G82,"Paraparese und Paraplegie, Tetraparese und Tetraplegie"
G83,Sonstige Lähmungssyndrome
G90,Krankheiten des autonomen Nervensystems
G91,Hydrozephalus
G92,Toxische Enzephalopathie
G93,Sonstige Krankheiten des Gehirns
G94,Sonstige Krankheiten des Gehirns bei anderenorts klassifizierten Krankheiten
G95,Sonstige Krankheiten des Rückenmarkes
G96,Sonstige Krankheiten des Zentralnervensystems
G97,"Krankheiten des Nervensystems nach medizinischen Maßnahmen, anderenorts nicht klassifiziert"
G98,"Sonstige Krankheiten des Nervensystems, anderenorts nicht klassifiziert"
G99,Sonstige Krankheiten des Nervensystems bei anderenorts klassifizierten Krankheiten
H00,Hordeolum und Chalazion
H01,Sonstige Entzündung des Augenlides
H02,Sonstige Affektionen des Augenlides
H03,Affektionen des Augenlides bei anderenorts klassifizierten Krankheiten
H04,Affektionen des Tränenapparates
H05,Affektionen der Orbita
H06,Affektionen des Tränenapparates und der Orbita bei anderenorts klassifizierten Krankheiten
H10,Konjunktivitis
H11,Sonstige Affektionen der Konjunktiva
H13,Affektionen der Konjunktiva bei anderenorts klassifizierten Krankheiten
H15,Affektionen der Sklera
H16,Keratitis
H17,Hornhautnarben und -trübungen
H18,Sonstige Affektionen der Hornhaut
H19,Affektionen der Sklera und der Hornhaut bei anderenorts klassifizierten Krankheiten
H20,Iridozyklitis
H21,Sonstige Affektionen der Iris und des Ziliarkörpers
H22,Affektionen der Iris und des Ziliarkörpers bei anderenorts klassifizierten Krankheiten
H25,Cataracta senilis
H26,Sonstige Kataraktformen
H27,Sonstige Affektionen der Linse
H28,Katarakt und sonstige Affektionen der Linse bei anderenorts klassifizierten Krankheiten
H30,Chorioretinitis
H31,Sonstige Affektionen der Aderhaut
H32,Chorioretinale Affektionen bei anderenorts klassifizierten Krankheiten
H33,Netzhautablösung und Netzhautriss
H34,Netzhautgefäßverschluss
H35,Sonstige Affektionen der Netzhaut
H36,Affektionen der Netzhaut bei anderenorts klassifizierten Krankheiten
H40,Glaukom
H42,Glaukom bei anderenorts klassifizierten Krankheiten
H43,Affektionen des Glaskörpers
H44,Affektionen des Augapfels
H45,Affektionen des Glaskörpers und des Augapfels bei anderenorts klassifizierten Krankheiten
H46,Neuritis nervi optici
H47,Sonstige Affektionen des N. opticus [II. Hirnnerv] und der Sehbahn
H48,Affektionen des N. opticus [II. Hirnnerv] und der Sehbahn bei anderenorts klassifizierten Krankheiten
H49,Strabismus paralyticus
H50,Sonstiger Strabismus
H51,Sonstige Störungen der Blickbewegungen
H52,Akkommodationsstörungen und Refraktionsfehler
H53,Sehstörungen
H54,Blindheit und Sehbeeinträchtigung
H55,Nystagmus und sonstige abnorme Augenbewegungen
H57,Sonstige Affektionen des Auges und der Augenanhangsgebilde
H58,Sonstige Affektionen des Auges und der Augenanhangsgebilde bei anderenorts klassifizierten Krankheiten
H59,"Affektionen des Auges und der Augenanhangsgebilde nach medizinischen Maßnahmen, anderenorts nicht klassifiziert"
H60,Otitis externa
H61,Sonstige Krankheiten des äußeren Ohres
H62,Krankheiten des äußeren Ohres bei anderenorts klassifizierten Krankheiten
H65,Nichteitrige Otitis media
H66,Eitrige und nicht näher bezeichnete Otitis media
H67,Otitis media bei anderenorts klassifizierten Krankheiten
H68,Entzündung und Verschluss der Tuba auditiva
H69,Sonstige Krankheiten der Tuba auditiva
H70,Mastoiditis und verwandte Zustände
H71,Cholesteatom des Mittelohres
H72,Trommelfellperforation
H73,Sonstige Krankheiten des Trommelfells
H74,Sonstige Krankheiten des Mittelohres und des Warzenfortsatzes
H75,Sonstige Krankheiten des Mittelohres und des Warzenfortsatzes bei anderenorts klassifizierten Krankheiten
H80,Otosklerose
H81,Störungen der Vestibularfunktion
H82,Schwindelsyndrome bei anderenorts klassifizierten Krankheiten
H83,Sonstige Krankheiten des Innenohres
H90,Hörverlust durch Schallleitungs- oder Schallempfindungsstörung
H91,Sonstiger Hörverlust
H92,Otalgie und Ohrenfluss
H93,"Sonstige Krankheiten des Ohres, anderenorts nicht klassifiziert"
H94,Sonstige Krankheiten des Ohres bei anderenorts klassifizierten Krankheiten
H95,"Krankheiten des Ohres und des Warzenfortsatzes nach medizinischen Maßnahmen, anderenorts nicht klassifiziert"
I00,Rheumatisches Fieber ohne Angabe einer Herzbeteiligung
I01,Rheumatisches Fieber mit Herzbeteiligung
I02,Rheumatische Chorea
I05,Rheumatische Mitralklappenkrankheiten
I06,Rheumatische Aortenklappenkrankheiten
I07,Rheumatische Trikuspidalklappenkrankheiten
I08,Krankheiten mehrerer Herzklappen
I09,Sonstige rheumatische Herzkrankheiten
I10,Essentielle (primäre) Hypertonie
I11,Hypertensive Herzkrankheit
I12,Hypertensive Nierenkrankheit
I13,Hypertensive Herz- und Nierenkrankheit
I15,Sekundäre Hypertonie
I20,Angina pectoris
I21,Akuter Myokardinfarkt
I22,Rezidivierender Myokardinfarkt
I23,Bestimmte akute Komplikationen nach akutem Myokardinfarkt
I24,Sonstige akute ischämische Herzkrankheit
I25,Chronische ischämische Herzkrankheit
I26,Lungenembolie
I27,Sonstige pulmonale Herzkrankheiten
I28,Sonstige Krankheiten der Lungengefäße
I30,Akute Perikarditis
I31,Sonstige Krankheiten des Perikards
I32,Perikarditis bei anderenorts klassifizierten Krankheiten
I33,Akute und subakute Endokarditis
I34,Nichtrheumatische Mitralklappenkrankheiten
I35,Nichtrheumatische Aortenklappenkrankheiten
I36,Nichtrheumatische Trikuspidalklappenkrankheiten
I37,Pulmonalklappenkrankheiten
I38,"Endokarditis, Herzklappe nicht näher bezeichnet"
I39,Endokarditis und Herzklappenkrankheiten bei anderenorts klassifizierten Krankheiten
I40,Akute Myokarditis
I41,Myokarditis bei anderenorts klassifizierten Krankheiten
I42,Kardiomyopathie
I43,Kardiomyopathie bei anderenorts klassifizierten Krankheiten
I44,Atrioventrikulärer Block und Linksschenkelblock
I45,Sonstige kardiale Erregungsleitungsstörungen
I46,Herzstillstand
I47,Paroxysmale Tachykardie
I48,Vorhofflimmern und Vorhofflattern
I49,Sonstige kardiale Arrhythmien
I50,Herzinsuffizienz
I51,Komplikationen einer Herzkrankheit und ungenau beschriebene Herzkrankheit
I52,Sonstige Herzkrankheiten bei anderenorts klassifizierten Krankheiten
I60,Subarachnoidalblutung
I61,Intrazerebrale Blutung
I62,Sonstige nichttraumatische intrakranielle Blutung
I63,Hirninfarkt
I64,"Schlaganfall, nicht als Blutung oder Infarkt bezeichnet"
I65,Verschluss und Stenose präzerebraler Arterien ohne resultierenden Hirninfarkt
I66,Verschluss und Stenose zerebraler Arterien ohne resultierenden Hirninfarkt
I67,Sonstige zerebrovaskuläre Krankheiten
I68,Zerebrovaskuläre Störungen bei anderenorts klassifizierten Krankheiten
I69,Folgen einer zerebrovaskulären Krankheit
I70,Atherosklerose
I71,Aortenaneurysma und -dissektion
I72,Sonstiges Aneurysma und sonstige Dissektion
I73,Sonstige periphere Gefäßkrankheiten
I74,Arterielle Embolie und Thrombose
I77,Sonstige Krankheiten der Arterien und Arteriolen
I78,Krankheiten der Kapillaren
I79,"Krankheiten der Arterien, Arteriolen und Kapillaren bei anderenorts klassifizierten Krankheiten"
I80,"Thrombose, Phlebitis und Thrombophlebitis"
I81,Pfortaderthrombose
I82,Sonstige venöse Embolie und Thrombose
I83,Varizen der unteren Extremitäten
I85,Ösophagusvarizen
I86,Varizen sonstiger Lokalisationen
I87,Sonstige Venenkrankheiten
I88,Unspezifische Lymphadenitis
I89,Sonstige nichtinfektiöse Krankheiten der Lymphgefäße und Lymphknoten
I95,Hypotonie
I97,"Kreislaufkomplikationen nach medizinischen Maßnahmen, anderenorts nicht klassifiziert"
I98,Sonstige Störungen des Kreislaufsystems bei anderenorts klassifizierten Krankheiten
I99,Sonstige und nicht näher bezeichnete Krankheiten des Kreislaufsystems
J00,Akute Rhinopharyngitis [Erkältungsschnupfen]
J01,Akute Sinusitis
J02,Akute Pharyngitis
J03,Akute Tonsillitis
J04,Akute Laryngitis und Tracheitis
J05,Akute obstruktive Laryngitis [Krupp] und Epiglottitis
J06,Akute Infektionen an mehreren oder nicht näher bezeichneten Lokalisationen der oberen Atemwege
J09,Grippe durch zoonotische oder pandemische nachgewiesene Influenzaviren
J10,Grippe durch saisonale nachgewiesene Influenzaviren
J11,"Grippe, Viren nicht nachgewiesen"
J12,"Viruspneumonie, anderenorts nicht klassifiziert"
J13,Pneumonie durch Streptococcus pneumoniae
J14,Pneumonie durch Haemophilus influenzae
J15,"Pneumonie durch Bakterien, anderenorts nicht klassifiziert"
J16,"Pneumonie durch sonstige Infektionserreger, anderenorts nicht klassifiziert"
J17,Pneumonie bei anderenorts klassifizierten Krankheiten
J18,"Pneumonie, Erreger nicht näher bezeichnet"
J20,Akute Bronchitis
J21,Akute Bronchiolitis
J22,"Akute Infektion der unteren Atemwege, nicht näher bezeichnet"
J30,Vasomotorische und allergische Rhinopathie
J31,"Chronische Rhinitis, Rhinopharyngitis und Pharyngitis"
J32,Chronische Sinusitis
J33,Nasenpolyp
J34,Sonstige Krankheiten der Nase und der Nasennebenhöhlen
J35,Chronische Krankheiten der Gaumenmandeln und der Rachenmandel
J36,Peritonsillarabszess
J37,Chronische Laryngitis und Laryngotracheitis
J38,"Krankheiten der Stimmlippen und des Kehlkopfes, anderenorts nicht klassifiziert"
J39,Sonstige Krankheiten der oberen Atemwege
J40,"Bronchitis, nicht als akut oder chronisch bezeichnet"
J41,Einfache und schleimig-eitrige chronische Bronchitis
J42,Nicht näher bezeichnete chronische Bronchitis
J43,Emphysem
J44,Sonstige chronische obstruktive Lungenkrankheit
J45,Asthma bronchiale
J46,Status asthmaticus
J47,Bronchiektasen
J60,Kohlenbergarbeiter-Pneumokoniose
J61,Pneumokoniose durch Asbest und sonstige anorganische Fasern
J62,Pneumokoniose durch Quarzstaub
J63,Pneumokoniose durch sonstige anorganische Stäube
J64,Nicht näher bezeichnete Pneumokoniose
J65,Pneumokoniose in Verbindung mit Tuberkulose
J66,Krankheit der Atemwege durch spezifischen organischen Staub
J67,Allergische Alveolitis durch organischen Staub
J68,"Krankheiten der Atmungsorgane durch Einatmen von chemischen Substanzen, Gasen, Rauch und Dämpfen"
J69,Pneumonie durch feste und flüssige Substanzen
J70,Krankheiten der Atmungsorgane durch sonstige exogene Substanzen
J80,Atemnotsyndrom des Erwachsenen [ARDS]
J81,Lungenödem
J82,"Eosinophiles Lungeninfiltrat, anderenorts nicht klassifiziert"
J84,Sonstige interstitielle Lungenkrankheiten
J85,Abszess der Lunge und des Mediastinums
J86,Pyothorax
J90,"Pleuraerguss, anderenorts nicht klassifiziert"
J91,Pleuraerguss bei anderenorts klassifizierten Krankheiten
J92,Pleuraplaques
J93,Pneumothorax
J94,Sonstige Krankheitszustände der Pleura
J95,"Krankheiten der Atemwege nach medizinischen Maßnahmen, anderenorts nicht klassifiziert"
J96,"Respiratorische Insuffizienz, anderenorts nicht klassifiziert"
J98,Sonstige Krankheiten der Atemwege
J99,Krankheiten der Atemwege bei anderenorts klassifizierten Krankheiten
K00,Störungen der Zahnentwicklung und des Zahndurchbruchs
K01,Retinierte und impaktierte Zähne
K02,Zahnkaries
K03,Sonstige Krankheiten der Zahnhartsubstanzen
K04,Krankheiten der Pulpa und des periapikalen Gewebes
K05,Gingivitis und Krankheiten des Parodonts
K06,Sonstige Krankheiten der Gingiva und des zahnlosen Alveolarkammes
K07,Dentofaziale Anomalien [einschließlich fehlerhafter Okklusion]
K08,Sonstige Krankheiten der Zähne und des Zahnhalteapparates
K09,"Zysten der Mundregion, anderenorts nicht klassifiziert"
K10,Sonstige Krankheiten der Kiefer
K11,Krankheiten der Speicheldrüsen
K12,Stomatitis und verwandte Krankheiten
K13,Sonstige Krankheiten der Lippe und der Mundschleimhaut
K14,Krankheiten der Zunge
K20,Ösophagitis
K21,Gastroösophageale Refluxkrankheit
K22,Sonstige Krankheiten des Ösophagus
K23,Krankheiten des Ösophagus bei anderenorts klassifizierten Krankheiten
K25,Ulcus ventriculi
K26,Ulcus duodeni
K27,"Ulcus pepticum, Lokalisation nicht näher bezeichnet"
K28,Ulcus pepticum jejuni
K29,Gastritis und Duodenitis
K30,Funktionelle Dyspepsie
K31,Sonstige Krankheiten des Magens und des Duodenums
K35,Akute Appendizitis
K36,Sonstige Appendizitis
K37,Nicht näher bezeichnete Appendizitis
K38,Sonstige Krankheiten der Appendix
K40,Hernia inguinalis
K41,Hernia femoralis
K42,Hernia umbilicalis
K43,Hernia ventralis
K44,Hernia diaphragmatica
K45,Sonstige abdominale Hernien
K46,Nicht näher bezeichnete abdominale Hernie
K50,Crohn-Krankheit [Enteritis regionalis] [Morbus Crohn]
K51,Colitis ulcerosa
K52,Sonstige nichtinfektiöse Gastroenteritis und Kolitis
K55,Gefäßkrankheiten des Darmes
K56,Paralytischer Ileus und intestinale Obstruktion ohne Hernie
K57,Divertikulose des Darmes
K58,Reizdarmsyndrom
K59,Sonstige funktionelle Darmstörungen
K60,Fissur und Fistel in der Anal- und Rektalregion
K61,Abszess in der Anal- und Rektalregion
K62,Sonstige Krankheiten des Anus und des Rektums
K63,Sonstige Krankheiten des Darmes
K64,Hämorrhoiden und Perianalvenenthrombose
K65,Peritonitis
K66,Sonstige Krankheiten des Peritoneums
K67,Krankheiten des Peritoneums bei anderenorts klassifizierten Infektionskrankheiten
K70,Alkoholische Leberkrankheit
K71,Toxische Leberkrankheit
K72,"Leberversagen, anderenorts nicht klassifiziert"
K73,"Chronische Hepatitis, anderenorts nicht klassifiziert"
K74,Fibrose und Zirrhose der Leber
K75,Sonstige entzündliche Leberkrankheiten
K76,Sonstige Krankheiten der Leber
K77,Leberkrankheiten bei anderenorts klassifizierten Krankheiten
K80,Cholelithiasis
K81,Cholezystitis
K82,Sonstige Krankheiten der Gallenblase
K83,Sonstige Krankheiten der Gallenwege
K85,Akute Pankreatitis
K86,Sonstige Krankheiten des Pankreas
K87,"Krankheiten der Gallenblase, der Gallenwege und des Pankreas bei anderenorts klassifizierten Krankheiten"
K90,Intestinale Malabsorption
K91,"Krankheiten des Verdauungssystems nach medizinischen Maßnahmen, anderenorts nicht klassifiziert"
K92,Sonstige Krankheiten des Verdauungssystems
K93,Krankheiten sonstiger Verdauungsorgane bei anderenorts klassifizierten Krankheiten
L00,Staphylococcal scalded skin syndrome [SSS-Syndrom]
L01,Impetigo
L02,"Hautabszess, Furunkel und Karbunkel"
L03,Phlegmone
L04,Akute Lymphadenitis
L05,Pilonidalzyste
L08,Sonstige lokale Infektionen der Haut und der Unterhaut
L10,Pemphiguskrankheiten
L11,Sonstige akantholytische Dermatosen
L12,Pemphigoidkrankheiten
L13,Sonstige bullöse Dermatosen
L14,Bullöse Dermatosen bei anderenorts klassifizierten Krankheiten
L20,Atopisches [endogenes] Ekzem
L21,Seborrhoisches Ekzem
L22,Windeldermatitis
L23,Allergische Kontaktdermatitis
L24,Toxische Kontaktdermatitis
L25,Nicht näher bezeichnete Kontaktdermatitis
L26,Exfoliative Dermatitis
L27,"Dermatitis durch oral, enteral oder parenteral aufgenommene Substanzen"
L28,Lichen simplex chronicus und Prurigo
L29,Pruritus
L30,Sonstige Dermatitis
L40,Psoriasis
L41,Parapsoriasis
L42,Pityriasis rosea
L43,Lichen ruber planus
L44,Sonstige papulosquamöse Hautkrankheiten
L45,Papulosquamöse Hautkrankheiten bei anderenorts klassifizierten Krankheiten
L50,Urtikaria
L51,Erythema exsudativum multiforme
L52,Erythema nodosum
L53,Sonstige erythematöse Krankheiten
L54,Erythem bei anderenorts klassifizierten Krankheiten
L55,Dermatitis solaris acuta
L56,Sonstige akute Hautveränderungen durch Ultraviolettstrahlen
L57,Hautveränderungen durch chronische Exposition gegenüber nichtionisierender Strahlung
L58,Radiodermatitis
L59,Sonstige Krankheiten der Haut und der Unterhaut durch Strahleneinwirkung
L60,Krankheiten der Nägel
L62,Krankheiten der Nägel bei anderenorts klassifizierten Krankheiten
L63,Alopecia areata
L64,Alopecia androgenetica
L65,Sonstiger Haarausfall ohne Narbenbildung
L66,Narbige Alopezie [Haarausfall mit Narbenbildung]
L67,Anomalien der Haarfarbe und des Haarschaftes
L68,Hypertrichose
L70,Akne
L71,Rosazea
L72,Follikuläre Zysten der Haut und der Unterhaut
L73,Sonstige Krankheiten der Haarfollikel
L74,Krankheiten der ekkrinen Schweißdrüsen
L75,Krankheiten der apokrinen Schweißdrüsen
L80,Vitiligo
L81,Sonstige Störungen der Hautpigmentierung
L82,Seborrhoische Keratose
L83,Acanthosis nigricans
L84,Hühneraugen und Horn- (Haut-) Schwielen
L85,Sonstige Epidermisverdickung
L86,Keratom bei anderenorts klassifizierten Krankheiten
L87,Störungen der transepidermalen Elimination
L88,Pyoderma gangraenosum
L89,Dekubitalgeschwür und Druckzone
L90,Atrophische Hautkrankheiten
L91,Hypertrophe Hautkrankheiten
L92,Granulomatöse Krankheiten der Haut und der Unterhaut
L93,Lupus erythematodes
L94,Sonstige lokalisierte Krankheiten des Bindegewebes
L95,"Anderenorts nicht klassifizierte Vaskulitis, die auf die Haut begrenzt ist"
L97,"Ulcus cruris, anderenorts nicht klassifiziert"
L98,"Sonstige Krankheiten der Haut und der Unterhaut, anderenorts nicht klassifiziert"
L99,Sonstige Krankheiten der Haut und der Unterhaut bei anderenorts klassifizierten Krankheiten
M00,Eitrige Arthritis
M01,Direkte Gelenkinfektionen bei anderenorts klassifizierten infektiösen und parasitären Krankheiten
M02,Reaktive Arthritiden
M03,Postinfektiöse und reaktive Arthritiden bei anderenorts klassifizierten Krankheiten
M05,Seropositive chronische Polyarthritis
M06,Sonstige chronische Polyarthritis
M07,Arthritis psoriatica und Arthritiden bei gastrointestinalen Grundkrankheiten
M08,Juvenile Arthritis
M09,Juvenile Arthritis bei anderenorts klassifizierten Krankheiten
M10,Gicht
M11,Sonstige Kristall-Arthropathien
M12,Sonstige näher bezeichnete Arthropathien
M13,Sonstige Arthritis
M14,Arthropathien bei sonstigen anderenorts klassifizierten Krankheiten
M15,Polyarthrose
M16,Koxarthrose [Arthrose des Hüftgelenkes]
M17,Gonarthrose [Arthrose des Kniegelenkes]
M18,Rhizarthrose [Arthrose des Daumensattelgelenkes]
M19,Sonstige Arthrose
M20,Erworbene Deformitäten der Finger und Zehen
M21,Sonstige erworbene Deformitäten der Extremitäten
M22,Krankheiten der Patella
M23,Binnenschädigung des Kniegelenkes [internal derangement]
M24,Sonstige näher bezeichnete Gelenkschädigungen
M25,"Sonstige Gelenkkrankheiten, anderenorts nicht klassifiziert"
M30,Panarteriitis nodosa und verwandte Zustände
M31,Sonstige nekrotisierende Vaskulopathien
M32,Systemischer Lupus erythematodes
M33,Dermatomyositis-Polymyositis
M34,Systemische Sklerose
M35,Sonstige Krankheiten mit Systembeteiligung des Bindegewebes
M36,Systemkrankheiten des Bindegewebes bei anderenorts klassifizierten Krankheiten
M40,Kyphose und Lordose
M41,Skoliose
M42,Osteochondrose der Wirbelsäule
M43,Sonstige Deformitäten der Wirbelsäule und des Rückens
M45,Spondylitis ankylosans
M46,Sonstige entzündliche Spondylopathien
M47,Spondylose
M48,Sonstige Spondylopathien
M49,Spondylopathien bei anderenorts klassifizierten Krankheiten
M50,Zervikale Bandscheibenschäden
M51,Sonstige Bandscheibenschäden
M53,"Sonstige Krankheiten der Wirbelsäule und des Rückens, anderenorts nicht klassifiziert"
M54,Rückenschmerzen
M60,Myositis
M61,Kalzifikation und Ossifikation von Muskeln
M62,Sonstige Muskelkrankheiten
M63,Muskelkrankheiten bei anderenorts klassifizierten Krankheiten
M65,Synovitis und Tenosynovitis
M66,Spontanruptur der Synovialis und von Sehnen
M67,Sonstige Krankheiten der Synovialis und der Sehnen
M68,Krankheiten der Synovialis und der Sehnen bei anderenorts klassifizierten Krankheiten
M70,"Krankheiten des Weichteilgewebes im Zusammenhang mit Beanspruchung, Überbeanspruchung und Druck"
M71,Sonstige Bursopathien
M72,Fibromatosen
M73,Krankheiten des Weichteilgewebes bei anderenorts klassifizierten Krankheiten
M75,Schulterläsionen
M76,Enthesopathien der unteren Extremität mit Ausnahme des Fußes
M77,Sonstige Enthesopathien
M79,"Sonstige Krankheiten des Weichteilgewebes, anderenorts nicht klassifiziert"
M80,Osteoporose mit pathologischer Fraktur
M81,Osteoporose ohne pathologische Fraktur
M82,Osteoporose bei anderenorts klassifizierten Krankheiten
M83,Osteomalazie im Erwachsenenalter
M84,Veränderungen der Knochenkontinuität
M85,Sonstige Veränderungen der Knochendichte und -struktur
M86,Osteomyelitis
M87,Knochennekrose
M88,Osteodystrophia deformans [Paget-Krankheit]
M89,Sonstige Knochenkrankheiten
M90,Osteopathien bei anderenorts klassifizierten Krankheiten
M91,Juvenile Osteochondrose der Hüfte und des Beckens
M92,Sonstige juvenile Osteochondrosen
M93,Sonstige Osteochondropathien
M94,Sonstige Knorpelkrankheiten
M95,Sonstige erworbene Deformitäten des Muskel-Skelett-Systems und des Bindegewebes
M96,"Krankheiten des Muskel-Skelett-Systems nach medizinischen Maßnahmen, anderenorts nicht klassifiziert"
M99,"Biomechanische Funktionsstörungen, anderenorts nicht klassifiziert"
N00,Akutes nephritisches Syndrom
N01,Rapid-progressives nephritisches Syndrom
N02,Rezidivierende und persistierende Hämaturie
N03,Chronisches nephritisches Syndrom
N04,Nephrotisches Syndrom
N05,Nicht näher bezeichnetes nephritisches Syndrom
N06,Isolierte Proteinurie mit Angabe morphologischer Veränderungen
N07,"Hereditäre Nephropathie, anderenorts nicht klassifiziert"
N08,Glomeruläre Krankheiten bei anderenorts klassifizierten Krankheiten
N10,Akute tubulointerstitielle Nephritis
N11,Chronische tubulointerstitielle Nephritis
N12,"Tubulointerstitielle Nephritis, nicht als akut oder chronisch bezeichnet"
N13,Obstruktive Uropathie und Refluxuropathie
N14,Arzneimittel- und schwermetallinduzierte tubulointerstitielle und tubuläre Krankheitszustände
N15,Sonstige tubulointerstitielle Nierenkrankheiten
N16,Tubulointerstitielle Nierenkrankheiten bei anderenorts klassifizierten Krankheiten
N17,Akutes Nierenversagen
N18,Chronische Nierenkrankheit
N19,Nicht näher bezeichnete Niereninsuffizienz
N20,Nieren- und Ureterstein
N21,Stein in den unteren Harnwegen
N22,Harnstein bei anderenorts klassifizierten Krankheiten
N23,Nicht näher bezeichnete Nierenkolik
N25,Krankheiten infolge Schädigung der tubulären Nierenfunktion
N26,"Schrumpfniere, nicht näher bezeichnet"
N27,Kleine Niere unbekannter Ursache
N28,"Sonstige Krankheiten der Niere und des Ureters, anderenorts nicht klassifiziert"
N29,Sonstige Krankheiten der Niere und des Ureters bei anderenorts klassifizierten Krankheiten
N30,Zystitis
N31,"Neuromuskuläre Dysfunktion der Harnblase, anderenorts nicht klassifiziert"
N32,Sonstige Krankheiten der Harnblase
N33,Krankheiten der Harnblase bei anderenorts klassifizierten Krankheiten
N34,Urethritis und urethrales Syndrom
N35,Harnröhrenstriktur
N36,Sonstige Krankheiten der Harnröhre
N37,Krankheiten der Harnröhre bei anderenorts klassifizierten Krankheiten
N39,Sonstige Krankheiten des Harnsystems
N40,Prostatahyperplasie
N41,Entzündliche Krankheiten der Prostata
N42,Sonstige Krankheiten der Prostata
N43,Hydrozele und Spermatozele
N44,Hodentorsion und Hydatidentorsion
N45,Orchitis und Epididymitis
N46,Sterilität beim Mann
N47,"Vorhauthypertrophie, Phimose und Paraphimose"
N48,Sonstige Krankheiten des Penis
N49,"Entzündliche Krankheiten der männlichen Genitalorgane, anderenorts nicht klassifiziert"
N50,Sonstige Krankheiten der männlichen Genitalorgane
N51,Krankheiten der männlichen Genitalorgane bei anderenorts klassifizierten Krankheiten
N60,Gutartige Mammadysplasie [Brustdrüsendysplasie]
N61,Entzündliche Krankheiten der Mamma [Brustdrüse]
N62,Hypertrophie der Mamma [Brustdrüse]
N63,Nicht näher bezeichnete Knoten in der Mamma [Brustdrüse]
N64,Sonstige Krankheiten der Mamma [Brustdrüse]
N70,Salpingitis und Oophoritis
N71,"Entzündliche Krankheit des Uterus, ausgenommen der Zervix"
N72,Entzündliche Krankheit der Cervix uteri
N73,Sonstige entzündliche Krankheiten im weiblichen Becken
N74,Entzündung im weiblichen Becken bei anderenorts klassifizierten Krankheiten
N75,Krankheiten der Bartholin-Drüsen
N76,Sonstige entzündliche Krankheit der Vagina und Vulva
N77,Vulvovaginale Ulzeration und Entzündung bei anderenorts klassifizierten Krankheiten
N80,Endometriose
N81,Genitalprolaps bei der Frau
N82,Fisteln mit Beteiligung des weiblichen Genitaltraktes
N83,"Nichtentzündliche Krankheiten des Ovars, der Tuba uterina und des Lig. latum uteri"
N84,Polyp des weiblichen Genitaltraktes
N85,"Sonstige nichtentzündliche Krankheiten des Uterus, ausgenommen der Zervix"
N86,Erosion und Ektropium der Cervix uteri
N87,Dysplasie der Cervix uteri
N88,Sonstige nichtentzündliche Krankheiten der Cervix uteri
N89,Sonstige nichtentzündliche Krankheiten der Vagina
N90,Sonstige nichtentzündliche Krankheiten der Vulva und des Perineums
N91,"Ausgebliebene, zu schwache oder zu seltene Menstruation"
N92,"Zu starke, zu häufige oder unregelmäßige Menstruation"
N93,Sonstige abnorme Uterus- oder Vaginalblutung
N94,Schmerz und andere Zustände im Zusammenhang mit den weiblichen Genitalorganen und dem Menstruationszyklus
N95,Klimakterische Störungen
N96,Neigung zu habituellem Abort
N97,Sterilität der Frau
N98,Komplikationen im Zusammenhang mit künstlicher Befruchtung
N99,"Krankheiten des Urogenitalsystems nach medizinischen Maßnahmen, anderenorts nicht klassifiziert"
O00,Extrauteringravidität
O01,Blasenmole
O02,Sonstige abnorme Konzeptionsprodukte
O03,Spontanabort
O04,Ärztlich eingeleiteter Abort
O05,Sonstiger Abort
O06,Nicht näher bezeichneter Abort
O07,Misslungene Aborteinleitung
O08,"Komplikationen nach Abort, Extrauteringravidität und Molenschwangerschaft"
O09,Schwangerschaftsdauer
O10,"Vorher bestehende Hypertonie, die Schwangerschaft, Geburt und Wochenbett kompliziert"
O11,Chronische Hypertonie mit aufgepfropfter Präeklampsie
O12,Gestationsödeme und Gestationsproteinurie [schwangerschaftsinduziert] ohne Hypertonie
O13,Gestationshypertonie [schwangerschaftsinduzierte Hypertonie]
O14,Präeklampsie
O15,Eklampsie
O16,Nicht näher bezeichnete Hypertonie der Mutter
O20,Blutung in der Frühschwangerschaft
O21,Übermäßiges Erbrechen während der Schwangerschaft
O22,Venenkrankheiten und Hämorrhoiden als Komplikationen in der Schwangerschaft
O23,Infektionen des Urogenitaltraktes in der Schwangerschaft
O24,Diabetes mellitus in der Schwangerschaft
O25,Fehl- und Mangelernährung in der Schwangerschaft
O26,"Betreuung der Mutter bei sonstigen Zuständen, die vorwiegend mit der Schwangerschaft verbunden sind"
O28,Abnorme Befunde bei der Screeninguntersuchung der Mutter zur pränatalen Diagnostik
O29,Komplikationen bei Anästhesie in der Schwangerschaft
O30,Mehrlingsschwangerschaft
O31,"Komplikationen, die für eine Mehrlingsschwangerschaft spezifisch sind"
O32,Betreuung der Mutter bei festgestellter oder vermuteter Lage- und Einstellungsanomalie des Fetus
O33,Betreuung der Mutter bei festgestelltem oder vermutetem Missverhältnis zwischen Fetus und Becken
O34,Betreuung der Mutter bei festgestellter oder vermuteter Anomalie der Beckenorgane
O35,Betreuung der Mutter bei festgestellter oder vermuteter Anomalie oder Schädigung des Fetus
O36,Betreuung der Mutter wegen sonstiger festgestellter oder vermuteter Komplikationen beim Fetus
O40,Polyhydramnion
O41,Sonstige Veränderungen des Fruchtwassers und der Eihäute
O42,Vorzeitiger Blasensprung
O43,Pathologische Zustände der Plazenta
O44,Placenta praevia
O45,Vorzeitige Plazentalösung [Abruptio placentae]
O46,"Präpartale Blutung, anderenorts nicht klassifiziert"
O47,Frustrane Kontraktionen [Unnütze Wehen]
O48,Übertragene Schwangerschaft
O60,Vorzeitige Wehen und Entbindung
O61,Misslungene Geburtseinleitung
O62,Abnorme Wehentätigkeit
O63,Protrahierte Geburt
O64,"Geburtshindernis durch Lage-, Haltungs- und Einstellungsanomalien des Fetus"
O65,Geburtshindernis durch Anomalie des mütterlichen Beckens
O66,Sonstiges Geburtshindernis
O67,"Komplikationen bei Wehen und Entbindung durch intrapartale Blutung, anderenorts nicht klassifiziert"
O68,Komplikationen bei Wehen und Entbindung durch fetalen Distress [fetal distress] [fetaler Gefahrenzustand]
O69,Komplikationen bei Wehen und Entbindung durch Nabelschnurkomplikationen
O70,Dammriss unter der Geburt
O71,Sonstige Verletzungen unter der Geburt
O72,Postpartale Blutung
O73,Retention der Plazenta und der Eihäute ohne Blutung
O74,Komplikationen bei Anästhesie während der Wehentätigkeit und bei der Entbindung
O75,"Sonstige Komplikationen bei Wehentätigkeit und Entbindung, anderenorts nicht klassifiziert"
O80,Spontangeburt eines Einlings
O81,Geburt eines Einlings durch Zangen- oder Vakuumextraktion
O82,Geburt eines Einlings durch Schnittentbindung [Sectio caesarea]
O85,Puerperalfieber
O86,Sonstige Wochenbettinfektionen
O87,Venenkrankheiten und Hämorrhoiden als Komplikationen im Wochenbett
O88,Embolie während der Gestationsperiode
O89,Komplikationen bei Anästhesie im Wochenbett
O90,"Wochenbettkomplikationen, anderenorts nicht klassifiziert"
O91,Infektionen der Mamma [Brustdrüse] im Zusammenhang mit der Gestation
O92,Sonstige Krankheiten der Mamma [Brustdrüse] im Zusammenhang mit der Gestation und Laktationsstörungen
O94,"Folgen von Komplikationen während Schwangerschaft, Geburt und Wochenbett"
O95,Sterbefall während der Gestationsperiode nicht näher bezeichneter Ursache
O96,Tod infolge jeder gestationsbedingten Ursache nach mehr als 42 Tagen bis unter einem Jahr nach der Entbindung
O97,Tod an den Folgen gestationsbedingter Ursachen
O98,"Infektiöse und parasitäre Krankheiten der Mutter, die anderenorts klassifizierbar sind, die jedoch Schwangerschaft, Geburt und Wochenbett komplizieren"
O99,"Sonstige Krankheiten der Mutter, die anderenorts klassifizierbar sind, die jedoch Schwangerschaft, Geburt und Wochenbett komplizieren"
P00,"Schädigung des Fetus und Neugeborenen durch Zustände der Mutter, die zur vorliegenden Schwangerschaft keine Beziehung haben müssen"
P01,Schädigung des Fetus und Neugeborenen durch mütterliche Schwangerschaftskomplikationen
P02,"Schädigung des Fetus und Neugeborenen durch Komplikationen von Plazenta, Nabelschnur und Eihäuten"
P03,Schädigung des Fetus und Neugeborenen durch sonstige Komplikationen bei Wehen und Entbindung
P04,"Schädigung des Fetus und Neugeborenen durch Noxen, die transplazentar oder mit der Muttermilch übertragen werden"
P05,Intrauterine Mangelentwicklung und fetale Mangelernährung
P07,"Störungen im Zusammenhang mit kurzer Schwangerschaftsdauer und niedrigem Geburtsgewicht, anderenorts nicht klassifiziert"
P08,Störungen im Zusammenhang mit langer Schwangerschaftsdauer und hohem Geburtsgewicht
P10,Intrakranielle Verletzung und Blutung durch Geburtsverletzung
P11,Sonstige Geburtsverletzungen des Zentralnervensystems
P12,Geburtsverletzung der behaarten Kopfhaut
P13,Geburtsverletzung des Skeletts
P14,Geburtsverletzung des peripheren Nervensystems
P15,Sonstige Geburtsverletzungen
P20,Intrauterine Hypoxie
P21,Asphyxie unter der Geburt
P22,Atemnot [Respiratory distress] beim Neugeborenen
P23,Angeborene Pneumonie
P24,Aspirationssyndrome beim Neugeborenen
P25,Interstitielles Emphysem und verwandte Zustände mit Ursprung in der Perinatalperiode
P26,Lungenblutung mit Ursprung in der Perinatalperiode
P27,Chronische Atemwegskrankheit mit Ursprung in der Perinatalperiode
P28,Sonstige Störungen der Atmung mit Ursprung in der Perinatalperiode
P29,Kardiovaskuläre Krankheiten mit Ursprung in der Perinatalperiode
P35,Angeborene Viruskrankheiten
P36,Bakterielle Sepsis beim Neugeborenen
P37,Sonstige angeborene infektiöse und parasitäre Krankheiten
P38,Omphalitis beim Neugeborenen mit oder ohne leichte Blutung
P39,"Sonstige Infektionen, die für die Perinatalperiode spezifisch sind"
P50,Fetaler Blutverlust
P51,Nabelblutung beim Neugeborenen
P52,Intrakranielle nichttraumatische Blutung beim Fetus und Neugeborenen
P53,Hämorrhagische Krankheit beim Fetus und Neugeborenen
P54,Sonstige Blutungen beim Neugeborenen
P55,Hämolytische Krankheit beim Fetus und Neugeborenen
P56,Hydrops fetalis durch hämolytische Krankheit
P57,Kernikterus
P58,Neugeborenenikterus durch sonstige gesteigerte Hämolyse
P59,Neugeborenenikterus durch sonstige und nicht näher bezeichnete Ursachen
P60,Disseminierte intravasale Gerinnung beim Fetus und Neugeborenen
P61,Sonstige hämatologische Krankheiten in der Perinatalperiode
P70,"Transitorische Störungen des Kohlenhydratstoffwechsels, die für den Fetus und das Neugeborene spezifisch sind"
P71,Transitorische Störungen des Kalzium- und Magnesiumstoffwechsels beim Neugeborenen
P72,Sonstige transitorische endokrine Krankheiten beim Neugeborenen
P74,Sonstige transitorische Störungen des Elektrolythaushaltes und des Stoffwechsels beim Neugeborenen
P75,Mekoniumileus bei zystischer Fibrose
P76,Sonstiger Darmverschluss beim Neugeborenen
P77,Enterocolitis necroticans beim Fetus und Neugeborenen
P78,Sonstige Krankheiten des Verdauungssystems in der Perinatalperiode
P80,Hypothermie beim Neugeborenen
P81,Sonstige Störungen der Temperaturregulation beim Neugeborenen
P83,"Sonstige Krankheitszustände mit Beteiligung der Haut, die für den Fetus und das Neugeborene spezifisch sind"
P90,Krämpfe beim Neugeborenen
P91,Sonstige zerebrale Störungen beim Neugeborenen
P92,Ernährungsprobleme beim Neugeborenen
P93,"Reaktionen und Intoxikationen durch Arzneimittel oder Drogen, die dem Fetus und Neugeborenen verabreicht wurden"
P94,Störungen des Muskeltonus beim Neugeborenen
P95,Fetaltod nicht näher bezeichneter Ursache
P96,"Sonstige Zustände, die ihren Ursprung in der Perinatalperiode haben"
Q00,Anenzephalie und ähnliche Fehlbildungen
Q01,Enzephalozele
Q02,Mikrozephalie
Q03,Angeborener Hydrozephalus
Q04,Sonstige angeborene Fehlbildungen des Gehirns
Q05,Spina bifida
Q06,Sonstige angeborene Fehlbildungen des Rückenmarks
Q07,Sonstige angeborene Fehlbildungen des Nervensystems
Q10,"Angeborene Fehlbildungen des Augenlides, des Tränenapparates und der Orbita"
Q11,"Anophthalmus, Mikrophthalmus und Makrophthalmus"
Q12,Angeborene Fehlbildungen der Linse
Q13,Angeborene Fehlbildungen des vorderen Augenabschnittes
Q14,Angeborene Fehlbildung des hinteren Augenabschnittes
Q15,Sonstige angeborene Fehlbildungen des Auges
Q16,"Angeborene Fehlbildungen des Ohres, die eine Beeinträchtigung des Hörvermögens verursachen"
Q17,Sonstige angeborene Fehlbildungen des Ohres
Q18,Sonstige angeborene Fehlbildungen des Gesichtes und des Halses
Q20,Angeborene Fehlbildungen der Herzhöhlen und verbindender Strukturen
Q21,Angeborene Fehlbildungen der Herzsepten
Q22,Angeborene Fehlbildungen der Pulmonal- und der Trikuspidalklappe
Q23,Angeborene Fehlbildungen der Aorten- und der Mitralklappe
Q24,Sonstige angeborene Fehlbildungen des Herzens
Q25,Angeborene Fehlbildungen der großen Arterien
Q26,Angeborene Fehlbildungen der großen Venen
Q27,Sonstige angeborene Fehlbildungen des peripheren Gefäßsystems
Q28,Sonstige angeborene Fehlbildungen des Kreislaufsystems
Q30,Angeborene Fehlbildungen der Nase
Q31,Angeborene Fehlbildungen des Kehlkopfes
Q32,Angeborene Fehlbildungen der Trachea und der Bronchien
Q33,Angeborene Fehlbildungen der Lunge
Q34,Sonstige angeborene Fehlbildungen des Atmungssystems
Q35,Gaumenspalte
Q36,Lippenspalte
Q37,Gaumenspalte mit Lippenspalte
Q38,"Sonstige angeborene Fehlbildungen der Zunge, des Mundes und des Rachens"
Q39,Angeborene Fehlbildungen des Ösophagus
Q40,Sonstige angeborene Fehlbildungen des oberen Verdauungstraktes
Q41,"Angeborene(s) Fehlen, Atresie und Stenose des Dünndarmes"
Q42,"Angeborene(s) Fehlen, Atresie und Stenose des Dickdarmes"
Q43,Sonstige angeborene Fehlbildungen des Darmes
Q44,"Angeborene Fehlbildungen der Gallenblase, der Gallengänge und der Leber"
Q45,Sonstige angeborene Fehlbildungen des Verdauungssystems
Q50,"Angeborene Fehlbildungen der Ovarien, der Tubae uterinae und der Ligg. lata uteri"
Q51,Angeborene Fehlbildungen des Uterus und der Cervix uteri
Q52,Sonstige angeborene Fehlbildungen der weiblichen Genitalorgane
Q53,Nondescensus testis
Q54,Hypospadie
Q55,Sonstige angeborene Fehlbildungen der männlichen Genitalorgane
Q56,Unbestimmtes Geschlecht und Pseudohermaphroditismus
Q60,Nierenagenesie und sonstige Reduktionsdefekte der Niere
Q61,Zystische Nierenkrankheit
Q62,Angeborene obstruktive Defekte des Nierenbeckens und angeborene Fehlbildungen des Ureters
Q63,Sonstige angeborene Fehlbildungen der Niere
Q64,Sonstige angeborene Fehlbildungen des Harnsystems
Q65,Angeborene Deformitäten der Hüfte
Q66,Angeborene Deformitäten der Füße
Q67,"Angeborene Muskel-Skelett-Deformitäten des Kopfes, des Gesichtes, der Wirbelsäule und des Thorax"
Q68,Sonstige angeborene Muskel-Skelett-Deformitäten
Q69,Polydaktylie
Q70,Syndaktylie
Q71,Reduktionsdefekte der oberen Extremität
Q72,Reduktionsdefekte der unteren Extremität
Q73,Reduktionsdefekte nicht näher bezeichneter Extremität(en)
Q74,Sonstige angeborene Fehlbildungen der Extremität(en)
Q75,Sonstige angeborene Fehlbildungen der Schädel- und Gesichtsschädelknochen
Q76,Angeborene Fehlbildungen der Wirbelsäule und des knöchernen Thorax
Q77,Osteochondrodysplasie mit Wachstumsstörungen der Röhrenknochen und der Wirbelsäule
Q78,Sonstige Osteochondrodysplasien
Q79,"Angeborene Fehlbildungen des Muskel-Skelett-Systems, anderenorts nicht klassifiziert"
Q80,Ichthyosis congenita
Q81,Epidermolysis bullosa
Q82,Sonstige angeborene Fehlbildungen der Haut
Q83,Angeborene Fehlbildungen der Mamma [Brustdrüse]
Q84,Sonstige angeborene Fehlbildungen des Integumentes
Q85,"Phakomatosen, anderenorts nicht klassifiziert"
Q86,"Angeborene Fehlbildungssyndrome durch bekannte äußere Ursachen, anderenorts nicht klassifiziert"
Q87,Sonstige näher bezeichnete angeborene Fehlbildungssyndrome mit Beteiligung mehrerer Systeme
Q89,"Sonstige angeborene Fehlbildungen, anderenorts nicht klassifiziert"
Q90,Down-Syndrom
Q91,Edwards-Syndrom und Patau-Syndrom
Q92,"Sonstige Trisomien und partielle Trisomien der Autosomen, anderenorts nicht klassifiziert"
Q93,"Monosomien und Deletionen der Autosomen, anderenorts nicht klassifiziert"
Q95,"Balancierte Chromosomen-Rearrangements und Struktur-Marker, anderenorts nicht klassifiziert"
Q96,Turner-Syndrom
Q97,"Sonstige Anomalien der Gonosomen bei weiblichem Phänotyp, anderenorts nicht klassifiziert"
Q98,"Sonstige Anomalien der Gonosomen bei männlichem Phänotyp, anderenorts nicht klassifiziert"
Q99,"Sonstige Chromosomenanomalien, anderenorts nicht klassifiziert"
R00,Störungen des Herzschlages
R01,Herzgeräusche und andere Herz-Schallphänomene
R02,"Gangrän, anderenorts nicht klassifiziert"
R03,Abnormer Blutdruckwert ohne Diagnose
R04,Blutung aus den Atemwegen
R05,Husten
R06,Störungen der Atmung
R07,Hals- und Brustschmerzen
R09,"Sonstige Symptome, die das Kreislaufsystem und das Atmungssystem betreffen"
R10,Bauch- und Beckenschmerzen
R11,Übelkeit und Erbrechen
R12,Sodbrennen
R13,Dysphagie
R14,Flatulenz und verwandte Zustände
R15,Stuhlinkontinenz
R16,"Hepatomegalie und Splenomegalie, anderenorts nicht klassifiziert"
R17,"Hyperbilirubinämie, mit oder ohne Gelbsucht, anderenorts nicht klassifiziert"
R18,Aszites
R19,"Sonstige Symptome, die das Verdauungssystem und das Abdomen betreffen"
R20,Sensibilitätsstörungen der Haut
R21,Hautausschlag und sonstige unspezifische Hauteruptionen
R22,"Lokalisierte Schwellung, Raumforderung und Knoten der Haut und der Unterhaut"
R23,Sonstige Hautveränderungen
R25,Abnorme unwillkürliche Bewegungen
R26,Störungen des Ganges und der Mobilität
R27,Sonstige Koordinationsstörungen
R29,"Sonstige Symptome, die das Nervensystem und das Muskel-Skelett-System betreffen"
R30,Schmerzen beim Wasserlassen
R31,Nicht näher bezeichnete Hämaturie
R32,Nicht näher bezeichnete Harninkontinenz
R33,Harnverhaltung
R34,Anurie und Oligurie
R35,Polyurie
R36,Ausfluss aus der Harnröhre
R39,"Sonstige Symptome, die das Harnsystem betreffen"
R40,"Somnolenz, Sopor und Koma"
R41,"Sonstige Symptome, die das Erkennungsvermögen und das Bewusstsein betreffen"
R42,Schwindel und Taumel
R43,Störungen des Geruchs- und Geschmackssinnes
R44,"Sonstige Symptome, die die Sinneswahrnehmungen und das Wahrnehmungsvermögen betreffen"
R45,"Symptome, die die Stimmung betreffen"
R46,"Symptome, die das äußere Erscheinungsbild und das Verhalten betreffen"
R47,"Sprech- und Sprachstörungen, anderenorts nicht klassifiziert"
R48,"Dyslexie und sonstige Werkzeugstörungen, anderenorts nicht klassifiziert"
R49,Störungen der Stimme
R50,Fieber sonstiger und unbekannter Ursache
R51,Kopfschmerz
R52,"Schmerz, anderenorts nicht klassifiziert"
R53,Unwohlsein und Ermüdung
R54,Senilität
R55,Synkope und Kollaps
R56,"Krämpfe, anderenorts nicht klassifiziert"
R57,"Schock, anderenorts nicht klassifiziert"
R58,"Blutung, anderenorts nicht klassifiziert"
R59,Lymphknotenvergrößerung
R60,"Ödem, anderenorts nicht klassifiziert"
R61,Hyperhidrose
R62,Ausbleiben der erwarteten normalen physiologischen Entwicklung
R63,"Symptome, die die Nahrungs- und Flüssigkeitsaufnahme betreffen"
R64,Kachexie
R65,Systemisches inflammatorisches Response-Syndrom [SIRS]
R68,Sonstige Allgemeinsymptome
R69,Unbekannte und nicht näher bezeichnete Krankheitsursachen
R70,Beschleunigte Blutkörperchensenkungsreaktion und Veränderungen der Plasmaviskosität
R71,Veränderung der Erythrozyten
R72,"Veränderung der Leukozyten, anderenorts nicht klassifiziert"
R73,Erhöhter Blutglukosewert
R74,Abnorme Serumenzymwerte
R75,Laborhinweis auf Humanes Immundefizienz-Virus [HIV]
R76,Sonstige abnorme immunologische Serumbefunde
R77,Sonstige Veränderungen der Plasmaproteine
R78,"Nachweis von Drogen und anderen Substanzen, die normalerweise nicht im Blut vorhanden sind"
R79,Sonstige abnorme Befunde der Blutchemie
R80,Isolierte Proteinurie
R81,Glukosurie
R82,Sonstige abnorme Urinbefunde
R83,Abnorme Liquorbefunde
R84,Abnorme Befunde in Untersuchungsmaterialien aus Atemwegen und Thorax
R85,Abnorme Befunde in Untersuchungsmaterialien aus Verdauungsorganen und Bauchhöhle
R86,Abnorme Befunde in Untersuchungsmaterialien aus den männlichen Genitalorganen
R87,Abnorme Befunde in Untersuchungsmaterialien aus den weiblichen Genitalorganen
R89,"Abnorme Befunde in Untersuchungsmaterialien aus anderen Körperorganen, -systemen und -geweben"
R90,Abnorme Befunde bei der bildgebenden Diagnostik des Zentralnervensystems
R91,Abnorme Befunde bei der bildgebenden Diagnostik der Lunge
R92,Abnorme Befunde bei der bildgebenden Diagnostik der Mamma [Brustdrüse]
R93,Abnorme Befunde bei der bildgebenden Diagnostik sonstiger Körperstrukturen
R94,Abnorme Ergebnisse von Funktionsprüfungen
R95,Plötzlicher Kindstod
R96,Sonstiger plötzlicher Tod unbekannter Ursache
R98,Tod ohne Anwesenheit anderer Personen
R99,Sonstige ungenau oder nicht näher bezeichnete Todesursachen
S00,Oberflächliche Verletzung des Kopfes
S01,Offene Wunde des Kopfes
S02,Fraktur des Schädels und der Gesichtsschädelknochen
S03,"Luxation, Verstauchung und Zerrung von Gelenken und Bändern des Kopfes"
S04,Verletzung von Hirnnerven
S05,Verletzung des Auges und der Orbita
S06,Intrakranielle Verletzung
S07,Zerquetschung des Kopfes
S08,Traumatische Amputation von Teilen des Kopfes
S09,Sonstige und nicht näher bezeichnete Verletzungen des Kopfes
S10,Oberflächliche Verletzung des Halses
S11,Offene Wunde des Halses
S12,Fraktur im Bereich des Halses
S13,"Luxation, Verstauchung und Zerrung von Gelenken und Bändern in Halshöhe"
S14,Verletzung der Nerven und des Rückenmarkes in Halshöhe
S15,Verletzung von Blutgefäßen in Halshöhe
S16,Verletzung von Muskeln und Sehnen in Halshöhe
S17,Zerquetschung des Halses
S18,Traumatische Amputation in Halshöhe
S19,Sonstige und nicht näher bezeichnete Verletzungen des Halses
S20,Oberflächliche Verletzung des Thorax
S21,Offene Wunde des Thorax
S22,"Fraktur der Rippe(n), des Sternums und der Brustwirbelsäule"
S23,"Luxation, Verstauchung und Zerrung von Gelenken und Bändern im Bereich des Thorax"
S24,Verletzung der Nerven und des Rückenmarkes in Thoraxhöhe
S25,Verletzung von Blutgefäßen des Thorax
S26,Verletzung des Herzens
S27,Verletzung sonstiger und nicht näher bezeichneter intrathorakaler Organe
S28,Zerquetschung des Thorax und traumatische Amputation von Teilen des Thorax
S29,Sonstige und nicht näher bezeichnete Verletzungen des Thorax
S30,"Oberflächliche Verletzung des Abdomens, der Lumbosakralgegend und des Beckens"
S31,"Offene Wunde des Abdomens, der Lumbosakralgegend und des Beckens"
S32,Fraktur der Lendenwirbelsäule und des Beckens
S33,"Luxation, Verstauchung und Zerrung von Gelenken und Bändern der Lendenwirbelsäule und des Beckens"
S34,"Verletzung der Nerven und des lumbalen Rückenmarkes in Höhe des Abdomens, der Lumbosakralgegend und des Beckens"
S35,"Verletzung von Blutgefäßen in Höhe des Abdomens, der Lumbosakralgegend und des Beckens"
S36,Verletzung von intraabdominalen Organen
S37,Verletzung der Harnorgane und der Beckenorgane
S38,"Zerquetschung und traumatische Amputation von Teilen des Abdomens, der Lumbosakralgegend und des Beckens"
S39,"Sonstige und nicht näher bezeichnete Verletzungen des Abdomens, der Lumbosakralgegend und des Beckens"
S40,Oberflächliche Verletzung der Schulter und des Oberarmes
S41,Offene Wunde der Schulter und des Oberarmes
S42,Fraktur im Bereich der Schulter und des Oberarmes
S43,"Luxation, Verstauchung und Zerrung von Gelenken und Bändern des Schultergürtels"
S44,Verletzung von Nerven in Höhe der Schulter und des Oberarmes
S45,Verletzung von Blutgefäßen in Höhe der Schulter und des Oberarmes
S46,Verletzung von Muskeln und Sehnen in Höhe der Schulter und des Oberarmes
S47,Zerquetschung der Schulter und des Oberarmes
S48,Traumatische Amputation an Schulter und Oberarm
S49,Sonstige und nicht näher bezeichnete Verletzungen der Schulter und des Oberarmes
S50,Oberflächliche Verletzung des Unterarmes
S51,Offene Wunde des Unterarmes
S52,Fraktur des Unterarmes
S53,"Luxation, Verstauchung und Zerrung des Ellenbogengelenkes und von Bändern des Ellenbogens"
S54,Verletzung von Nerven in Höhe des Unterarmes
S55,Verletzung von Blutgefäßen in Höhe des Unterarmes
S56,Verletzung von Muskeln und Sehnen in Höhe des Unterarmes
S57,Zerquetschung des Unterarmes
S58,Traumatische Amputation am Unterarm
S59,Sonstige und nicht näher bezeichnete Verletzungen des Unterarmes
S60,Oberflächliche Verletzung des Handgelenkes und der Hand
S61,Offene Wunde des Handgelenkes und der Hand
S62,Fraktur im Bereich des Handgelenkes und der Hand
S63,"Luxation, Verstauchung und Zerrung von Gelenken und Bändern in Höhe des Handgelenkes und der Hand"
S64,Verletzung von Nerven in Höhe des Handgelenkes und der Hand
S65,Verletzung von Blutgefäßen in Höhe des Handgelenkes und der Hand
S66,Verletzung von Muskeln und Sehnen in Höhe des Handgelenkes und der Hand
S67,Zerquetschung des Handgelenkes und der Hand
S68,Traumatische Amputation an Handgelenk und Hand
S69,Sonstige und nicht näher bezeichnete Verletzungen des Handgelenkes und der Hand
S70,Oberflächliche Verletzung der Hüfte und des Oberschenkels
S71,Offene Wunde der Hüfte und des Oberschenkels
S72,Fraktur des Femurs
S73,"Luxation, Verstauchung und Zerrung des Hüftgelenkes und von Bändern der Hüfte"
S74,Verletzung von Nerven in Höhe der Hüfte und des Oberschenkels
S75,Verletzung von Blutgefäßen in Höhe der Hüfte und des Oberschenkels
S76,Verletzung von Muskeln und Sehnen in Höhe der Hüfte und des Oberschenkels
S77,Zerquetschung der Hüfte und des Oberschenkels
S78,Traumatische Amputation an Hüfte und Oberschenkel
S79,Sonstige und nicht näher bezeichnete Verletzungen der Hüfte und des Oberschenkels
S80,Oberflächliche Verletzung des Unterschenkels
S81,Offene Wunde des Unterschenkels
S82,"Fraktur des Unterschenkels, einschließlich des oberen Sprunggelenkes"
S83,"Luxation, Verstauchung und Zerrung des Kniegelenkes und von Bändern des Kniegelenkes"
S84,Verletzung von Nerven in Höhe des Unterschenkels
S85,Verletzung von Blutgefäßen in Höhe des Unterschenkels
S86,Verletzung von Muskeln und Sehnen in Höhe des Unterschenkels
S87,Zerquetschung des Unterschenkels
S88,Traumatische Amputation am Unterschenkel
S89,Sonstige und nicht näher bezeichnete Verletzungen des Unterschenkels
S90,Oberflächliche Verletzung der Knöchelregion und des Fußes
S91,Offene Wunde der Knöchelregion und des Fußes
S92,Fraktur des Fußes [ausgenommen oberes Sprunggelenk]
S93,"Luxation, Verstauchung und Zerrung der Gelenke und Bänder in Höhe des oberen Sprunggelenkes und des Fußes"
S94,Verletzung von Nerven in Höhe des Knöchels und des Fußes
S95,Verletzung von Blutgefäßen in Höhe des Knöchels und des Fußes
S96,Verletzung von Muskeln und Sehnen in Höhe des Knöchels und des Fußes
S97,Zerquetschung des oberen Sprunggelenkes und des Fußes
S98,Traumatische Amputation am oberen Sprunggelenk und Fuß
S99,Sonstige und nicht näher bezeichnete Verletzungen der Knöchelregion und des Fußes
T00,Oberflächliche Verletzungen mit Beteiligung mehrerer Körperregionen
T01,Offene Wunden mit Beteiligung mehrerer Körperregionen
T02,Frakturen mit Beteiligung mehrerer Körperregionen
T03,"Luxationen, Verstauchungen und Zerrungen mit Beteiligung mehrerer Körperregionen"
T04,Zerquetschungen mit Beteiligung mehrerer Körperregionen
T05,Traumatische Amputationen mit Beteiligung mehrerer Körperregionen
T06,"Sonstige Verletzungen mit Beteiligung mehrerer Körperregionen, anderenorts nicht klassifiziert"
T07,Nicht näher bezeichnete multiple Verletzungen
T08,"Fraktur der Wirbelsäule, Höhe nicht näher bezeichnet"
T09,"Sonstige Verletzungen der Wirbelsäule und des Rumpfes, Höhe nicht näher bezeichnet"
T10,"Fraktur der oberen Extremität, Höhe nicht näher bezeichnet"
T11,"Sonstige Verletzungen der oberen Extremität, Höhe nicht näher bezeichnet"
T12,"Fraktur der unteren Extremität, Höhe nicht näher bezeichnet"
T13,"Sonstige Verletzungen der unteren Extremität, Höhe nicht näher bezeichnet"
T14,Verletzung an einer nicht näher bezeichneten Körperregion
T15,Fremdkörper im äußeren Auge
T16,Fremdkörper im Ohr
T17,Fremdkörper in den Atemwegen
T18,Fremdkörper im Verdauungstrakt
T19,Fremdkörper im Urogenitaltrakt
T20,Verbrennung oder Verätzung des Kopfes und des Halses
T21,Verbrennung oder Verätzung des Rumpfes
T22,"Verbrennung oder Verätzung der Schulter und des Armes, ausgenommen Handgelenk und Hand"
T23,Verbrennung oder Verätzung des Handgelenkes und der Hand
T24,"Verbrennung oder Verätzung der Hüfte und des Beines, ausgenommen Knöchelregion und Fuß"
T25,Verbrennung oder Verätzung der Knöchelregion und des Fußes
T26,"Verbrennung oder Verätzung, begrenzt auf das Auge und seine Anhangsgebilde"
T27,Verbrennung oder Verätzung der Atemwege
T28,Verbrennung oder Verätzung sonstiger innerer Organe
T29,Verbrennungen oder Verätzungen mehrerer Körperregionen
T30,"Verbrennung oder Verätzung, Körperregion nicht näher bezeichnet"
T31,"Verbrennungen, klassifiziert nach dem Ausmaß der betroffenen Körperoberfläche"
T32,"Verätzungen, klassifiziert nach dem Ausmaß der betroffenen Körperoberfläche"
T33,Oberflächliche Erfrierung
T34,Erfrierung mit Gewebsnekrose
T35,Erfrierung mit Beteiligung mehrerer Körperregionen und nicht näher bezeichnete Erfrierung
T36,Vergiftung durch systemisch wirkende Antibiotika
T37,Vergiftung durch sonstige systemisch wirkende Antiinfektiva und Antiparasitika
T38,"Vergiftung durch Hormone und deren synthetische Ersatzstoffe und Antagonisten, anderenorts nicht klassifiziert"
T39,"Vergiftung durch nichtopioidhaltige Analgetika, Antipyretika und Antirheumatika"
T40,Vergiftung durch Betäubungsmittel und Psychodysleptika [Halluzinogene]
T41,Vergiftung durch Anästhetika und therapeutische Gase
T42,"Vergiftung durch Antiepileptika, Sedativa, Hypnotika und Antiparkinsonmittel"
T43,"Vergiftung durch psychotrope Substanzen, anderenorts nicht klassifiziert"
T44,Vergiftung durch primär auf das autonome Nervensystem wirkende Arzneimittel
T45,"Vergiftung durch primär systemisch und auf das Blut wirkende Mittel, anderenorts nicht klassifiziert"
T46,Vergiftung durch primär auf das Herz-Kreislaufsystem wirkende Mittel
T47,Vergiftung durch primär auf den Magen-Darm-Trakt wirkende Mittel
T48,"Vergiftung durch primär auf die glatte Muskulatur, die Skelettmuskulatur und das Atmungssystem wirkende Mittel"
T49,"Vergiftung durch primär auf Haut und Schleimhäute wirkende und in der Augen-, der Hals-Nasen-Ohren- und der Zahnheilkunde angewendete Mittel zur topischen Anwendung"
T50,"Vergiftung durch Diuretika und sonstige und nicht näher bezeichnete Arzneimittel, Drogen und biologisch aktive Substanzen"
T51,Toxische Wirkung von Alkohol
T52,Toxische Wirkung von organischen Lösungsmitteln
T53,Toxische Wirkung von halogenierten aliphatischen und aromatischen Kohlenwasserstoffen
T54,Toxische Wirkung von ätzenden Substanzen
T55,Toxische Wirkung von Seifen und Detergenzien
T56,Toxische Wirkung von Metallen
T57,Toxische Wirkung von sonstigen anorganischen Substanzen
T58,Toxische Wirkung von Kohlenmonoxid
T59,"Toxische Wirkung sonstiger Gase, Dämpfe oder sonstigen Rauches"
T60,Toxische Wirkung von Schädlingsbekämpfungsmitteln [Pestiziden]
T61,"Toxische Wirkung schädlicher Substanzen, die mit essbaren Meerestieren aufgenommen wurden"
T62,"Toxische Wirkung sonstiger schädlicher Substanzen, die mit der Nahrung aufgenommen wurden"
T63,Toxische Wirkung durch Kontakt mit giftigen Tieren
T64,Toxische Wirkung von Aflatoxin und sonstigem Mykotoxin in kontaminierten Lebensmitteln
T65,Toxische Wirkung sonstiger und nicht näher bezeichneter Substanzen
T66,Nicht näher bezeichnete Schäden durch Strahlung
T67,Schäden durch Hitze und Sonnenlicht
T68,Hypothermie
T69,Sonstige Schäden durch niedrige Temperatur
T70,Schäden durch Luft- und Wasserdruck
T71,Erstickung
T73,Schäden durch sonstigen Mangel
T74,Missbrauch von Personen
T75,Schäden durch sonstige äußere Ursachen
T76,Nicht näher bezeichnete Schäden durch äußere Ursachen
T78,"Unerwünschte Nebenwirkungen, anderenorts nicht klassifiziert"
T79,"Bestimmte Frühkomplikationen eines Traumas, anderenorts nicht klassifiziert"
T80,"Komplikationen nach Infusion, Transfusion oder Injektion zu therapeutischen Zwecken"
T81,"Komplikationen bei Eingriffen, anderenorts nicht klassifiziert"
T82,"Komplikationen durch Prothesen, Implantate oder Transplantate im Herzen und in den Gefäßen"
T83,"Komplikationen durch Prothesen, Implantate oder Transplantate im Urogenitaltrakt"
T84,"Komplikationen durch orthopädische Endoprothesen, Implantate oder Transplantate"
T85,"Komplikationen durch sonstige interne Prothesen, Implantate oder Transplantate"
T86,Versagen und Abstoßung von transplantierten Organen und Geweben
T87,"Komplikationen, die für Replantation und Amputation bezeichnend sind"
T88,"Sonstige Komplikationen bei chirurgischen Eingriffen und medizinischer Behandlung, anderenorts nicht klassifiziert"
T89,Sonstige näher bezeichnete Komplikationen eines Traumas
T90,Folgen von Verletzungen des Kopfes
T91,Folgen von Verletzungen des Halses und des Rumpfes
T92,Folgen von Verletzungen der oberen Extremität
T93,Folgen von Verletzungen der unteren Extremität
T94,Folgen von Verletzungen mehrerer oder nicht näher bezeichneter Körperregionen
T95,"Folgen von Verbrennungen, Verätzungen oder Erfrierungen"
T96,"Folgen einer Vergiftung durch Arzneimittel, Drogen und biologisch aktive Substanzen"
T97,Folgen toxischer Wirkungen von vorwiegend nicht medizinisch verwendeten Substanzen
T98,Folgen sonstiger und nicht näher bezeichneter Wirkungen äußerer Ursachen
V99,Transportmittelunfall
W49,Exposition gegenüber mechanischen Kräften unbelebter Objekte
W64,Exposition gegenüber mechanischen Kräften belebter Objekte
W87,Exposition gegenüber elektrischem Strom
W91,Exposition gegenüber Strahlung
W92,"Exposition gegenüber übermäßiger, künstlich erzeugter Hitze"
W93,"Exposition gegenüber übermäßiger, künstlich erzeugter Kälte"
W94,Exposition gegenüber hohem oder niedrigem Luftdruck oder Luftdruckwechsel
X19,Verbrennung oder Verbrühung durch Hitze oder heiße Substanzen
X29,Kontakt mit giftigen Tieren und Pflanzen
X49,Akzidentelle Vergiftung durch und Exposition gegenüber schädliche(n) Substanzen
X59,Akzidentelle Exposition gegenüber sonstigen und nicht näher bezeichneten Faktoren
X84,Absichtliche Selbstbeschädigung
Y09,Tätlicher Angriff
Y34,"Nicht näher bezeichnetes Ereignis, Umstände unbestimmt"
Y35,Verletzungen bei gesetzlichen Maßnahmen
Y36,Verletzungen durch Kriegshandlungen
Y57,Unerwünschte Nebenwirkungen bei therapeutischer Anwendung von Arzneimitteln und Drogen
Y59,Unerwünschte Nebenwirkungen bei therapeutischer Anwendung von Impfstoffen oder biologisch aktiven Substanzen
Y69,Zwischenfälle bei chirurgischem Eingriff und medizinischer Behandlung
Y82,Medizintechnische Geräte und Produkte im Zusammenhang mit Zwischenfällen bei diagnostischer und therapeutischer Anwendung
Y84,"Chirurgische und sonstige medizinische Maßnahmen als Ursache einer abnormen Reaktion eines Patienten oder einer späteren Komplikation, ohne Angabe eines Zwischenfalls zum Zeitpunkt der Durchführung der Maßnahme"
Z00,Allgemeinuntersuchung und Abklärung bei Personen ohne Beschwerden oder angegebene Diagnose
Z01,Sonstige spezielle Untersuchungen und Abklärungen bei Personen ohne Beschwerden oder angegebene Diagnose
Z02,Untersuchung und Konsultation aus administrativen Gründen
Z03,"Ärztliche Beobachtung und Beurteilung von Verdachtsfällen, Verdacht ausgeschlossen"
Z04,Untersuchung und Beobachtung aus sonstigen Gründen
Z08,Nachuntersuchung nach Behandlung wegen bösartiger Neubildung
Z09,Nachuntersuchung nach Behandlung wegen anderer Krankheitszustände außer bösartigen Neubildungen
Z10,Allgemeine Reihenuntersuchung bestimmter Bevölkerungsgruppen
Z11,Spezielle Verfahren zur Untersuchung auf infektiöse und parasitäre Krankheiten
Z12,Spezielle Verfahren zur Untersuchung auf Neubildungen
Z13,Spezielle Verfahren zur Untersuchung auf sonstige Krankheiten oder Störungen
Z20,Kontakt mit und Exposition gegenüber übertragbaren Krankheiten
Z21,Asymptomatische HIV-Infektion [Humane Immundefizienz-Virusinfektion]
Z22,Keimträger von Infektionskrankheiten
Z23,Notwendigkeit der Impfung [Immunisierung] gegen einzelne bakterielle Krankheiten
Z24,Notwendigkeit der Impfung [Immunisierung] gegen bestimmte einzelne Viruskrankheiten
Z25,Notwendigkeit der Impfung [Immunisierung] gegen andere einzelne Viruskrankheiten
Z26,Notwendigkeit der Impfung [Immunisierung] gegen andere einzelne Infektionskrankheiten
Z27,Notwendigkeit der Impfung [Immunisierung] gegen Kombinationen von Infektionskrankheiten
Z28,Nicht durchgeführte Impfung [Immunisierung]
Z29,Notwendigkeit von anderen prophylaktischen Maßnahmen
Z30,Kontrazeptive Maßnahmen
Z31,Fertilisationsfördernde Maßnahmen
Z32,Untersuchung und Test zur Feststellung einer Schwangerschaft
Z33,Schwangerschaftsfeststellung als Nebenbefund
Z34,Überwachung einer normalen Schwangerschaft
Z35,Überwachung einer Risikoschwangerschaft
Z36,Pränatales Screening
Z37,Resultat der Entbindung
Z38,Lebendgeborene nach dem Geburtsort
Z39,Postpartale Betreuung und Untersuchung der Mutter
Z40,Prophylaktische Operation
Z41,Maßnahmen aus anderen Gründen als der Wiederherstellung des Gesundheitszustandes
Z42,Nachbehandlung unter Anwendung plastischer Chirurgie
Z43,Versorgung künstlicher Körperöffnungen
Z44,Versorgen mit und Anpassen einer Ektoprothese
Z45,Anpassung und Handhabung eines implantierten medizinischen Gerätes
Z46,Versorgen mit und Anpassen von anderen medizinischen Geräten oder Hilfsmitteln
Z47,Andere orthopädische Nachbehandlung
Z48,Andere Nachbehandlung nach chirurgischem Eingriff
Z49,Dialysebehandlung
Z50,Rehabilitationsmaßnahmen
Z51,Sonstige medizinische Behandlung
Z52,Spender von Organen oder Geweben
Z53,"Personen, die Einrichtungen des Gesundheitswesens wegen spezifischer Maßnahmen aufgesucht haben, die aber nicht durchgeführt wurden"
Z54,Rekonvaleszenz
Z55,Kontaktanlässe mit Bezug auf die Ausbildung
Z56,Kontaktanlässe mit Bezug auf das Berufsleben
Z57,Berufliche Exposition gegenüber Risikofaktoren
Z58,Kontaktanlässe mit Bezug auf die physikalische Umwelt
Z59,Kontaktanlässe mit Bezug auf das Wohnumfeld oder die wirtschaftliche Lage
Z60,Kontaktanlässe mit Bezug auf die soziale Umgebung
Z61,Kontaktanlässe mit Bezug auf Kindheitserlebnisse
Z62,Andere Kontaktanlässe mit Bezug auf die Erziehung
Z63,Andere Kontaktanlässe mit Bezug auf den engeren Familienkreis
Z64,Kontaktanlässe mit Bezug auf bestimmte psychosoziale Umstände
Z65,Kontaktanlässe mit Bezug auf andere psychosoziale Umstände
Z70,"Beratung in Bezug auf Sexualeinstellung, -verhalten oder -orientierung"
Z71,"Personen, die das Gesundheitswesen zum Zwecke anderer Beratung oder ärztlicher Konsultation in Anspruch nehmen, anderenorts nicht klassifiziert"
Z72,Probleme mit Bezug auf die Lebensführung
Z73,Probleme mit Bezug auf Schwierigkeiten bei der Lebensbewältigung
Z74,Probleme mit Bezug auf Pflegebedürftigkeit
Z75,Probleme mit Bezug auf medizinische Betreuungsmöglichkeiten oder andere Gesundheitsversorgung
Z76,"Personen, die das Gesundheitswesen aus sonstigen Gründen in Anspruch nehmen"
Z80,Bösartige Neubildung in der Familienanamnese
Z81,Psychische Krankheiten oder Verhaltensstörungen in der Familienanamnese
Z82,"Bestimmte Behinderungen oder chronische Krankheiten in der Familienanamnese, die zu Schädigung oder Behinderung führen"
Z83,Andere spezifische Krankheiten in der Familienanamnese
Z84,Andere Krankheiten oder Zustände in der Familienanamnese
Z85,Bösartige Neubildung in der Eigenanamnese
Z86,Bestimmte andere Krankheiten in der Eigenanamnese
Z87,Andere Krankheiten oder Zustände in der Eigenanamnese
Z88,"Allergie gegenüber Arzneimitteln, Drogen oder biologisch aktiven Substanzen in der Eigenanamnese"
Z89,Extremitätenverlust
Z90,"Verlust von Organen, anderenorts nicht klassifiziert"
Z91,"Risikofaktoren in der Eigenanamnese, anderenorts nicht klassifiziert"
Z92,Medizinische Behandlung in der Eigenanamnese
Z93,Vorhandensein einer künstlichen Körperöffnung
Z94,Zustand nach Organ- oder Gewebetransplantation
Z95,Vorhandensein von kardialen oder vaskulären Implantaten oder Transplantaten
Z96,Vorhandensein von anderen funktionellen Implantaten
Z97,Vorhandensein anderer medizinischer Geräte oder Hilfsmittel
Z98,Sonstige Zustände nach chirurgischem Eingriff
Z99,"Abhängigkeit (langzeitig) von unterstützenden Apparaten, medizinischen Geräten oder Hilfsmitteln, anderenorts nicht klassifiziert"
U04,Schweres akutes respiratorisches Syndrom [SARS]
U07,Nicht belegte Schlüsselnummer U07
U50,Motorische Funktionseinschränkung
U51,Kognitive Funktionseinschränkung
U52,Frührehabilitations-Barthel-Index [FRB]
U55,Erfolgte Registrierung zur Organtransplantation
U60,Klinische Kategorien der HIV-Krankheit
U61,Anzahl der T-Helferzellen bei HIV-Krankheit
U69,Sonstige sekundäre Schlüsselnummern für besondere Zwecke
U80,"Grampositive Erreger mit bestimmten Antibiotikaresistenzen, die besondere therapeutische oder hygienische Maßnahmen erfordern"
U81,"Gramnegative Erreger mit bestimmten Antibiotikaresistenzen, die besondere therapeutische oder hygienische Maßnahmen erfordern"
U82,Mykobakterien mit Resistenz gegen Antituberkulotika (Erstrangmedikamente)
U83,Candida mit Resistenz gegen Fluconazol oder Voriconazol
U84,Herpesviren mit Resistenz gegen Virustatika
U85,Humanes Immundefizienz-Virus mit Resistenz gegen Virustatika oder Proteinaseinhibitoren
U99,Nicht belegte Schlüsselnummer U99
